id_produto,nome_produto,categoria,marca,preco,classificacao_media,qtd_avaliacoes,qtd_estoque,desconto_pct,destaque,peso_kg
P0000,PetLife_Saude #0,Saude,PetLife,34.82,4.0,137,126,0,0,0.35
P0001,GlowUp_Beleza #1,Beleza,GlowUp,53.35,5.0,494,51,10,0,1.76
P0002,EcoLiving_Material_Escritorio #2,Material_Escritorio,EcoLiving,51.45,3.5,433,928,0,0,0.21
P0003,DigiTools_Eletronicos #3,Eletronicos,DigiTools,179.9,4.0,267,127,0,1,0.25
P0004,StyleMax_Pet_Shop #4,Pet_Shop,StyleMax,12.54,3.7,402,580,0,0,1.23
P0005,GlowUp_Saude #5,Saude,GlowUp,26.06,3.4,76,639,0,0,4.8
P0006,PlayTime_Esportes #6,Esportes,PlayTime,43.06,3.4,375,220,0,0,3.16
P0007,PetLife_Esportes #7,Esportes,PetLife,57.53,2.5,95,918,0,0,1.46
P0008,PureBrand_Roupas #8,Roupas,PureBrand,18.35,4.1,409,802,40,0,0.12
P0009,HomeEssentials_Alimentos #9,Alimentos,HomeEssentials,20.37,4.3,120,48,0,0,0.09
P0010,StyleMax_Joias #10,Joias,StyleMax,57.47,3.6,271,28,0,0,0.84
P0011,UrbanStyle_Musica #11,Musica,UrbanStyle,21.01,4.2,365,989,0,0,5.84
P0012,PetLife_Automotivo #12,Automotivo,PetLife,75.31,2.6,12,110,0,0,0.41
P0013,PureBrand_Livros #13,Livros,PureBrand,10.75,5.0,92,470,0,0,2.37
P0014,EcoLiving_Casa_Jardim #14,Casa_Jardim,EcoLiving,117.43,3.4,110,767,0,0,1.36
P0015,FreshMarket_Beleza #15,Beleza,FreshMarket,23.98,3.6,103,381,0,0,0.56
P0016,GlowUp_Casa_Jardim #16,Casa_Jardim,GlowUp,37.26,4.5,393,956,0,0,0.66
P0017,StyleMax_Casa_Jardim #17,Casa_Jardim,StyleMax,78.39,2.8,489,682,10,1,0.19
P0018,DigiTools_Casa_Jardim #18,Casa_Jardim,DigiTools,93.25,3.6,208,753,0,0,1.55
P0019,PlayTime_Eletronicos #19,Eletronicos,PlayTime,181.34,3.4,378,989,30,1,0.52
P0020,TechPro_Eletronicos #20,Eletronicos,TechPro,219.43,4.4,112,127,0,0,2.34
P0021,ReadMore_Brinquedos #21,Brinquedos,ReadMore,40.48,3.0,190,204,0,0,0.8
P0022,PureBrand_Musica #22,Musica,PureBrand,16.22,4.4,82,102,15,0,0.74
P0023,ClassicCo_Roupas #23,Roupas,ClassicCo,39.83,4.0,292,962,40,0,0.12
P0024,EcoLiving_Joias #24,Joias,EcoLiving,133.52,2.7,144,550,0,0,1.33
P0025,PureBrand_Esportes #25,Esportes,PureBrand,46.47,4.5,233,124,0,0,1.67
P0026,PetLife_Saude #26,Saude,PetLife,23.8,5.0,336,293,25,0,3.52
P0027,GlowUp_Joias #27,Joias,GlowUp,89.93,3.3,308,810,25,0,0.43
P0028,SoundWave_Material_Escritorio #28,Material_Escritorio,SoundWave,12.38,3.4,222,526,0,0,1.3
P0029,EcoLiving_Eletronicos #29,Eletronicos,EcoLiving,193.58,2.9,476,703,40,0,1.49
P0030,ReadMore_Roupas #30,Roupas,ReadMore,73.08,3.9,444,489,0,0,0.28
P0031,EcoLiving_Automotivo #31,Automotivo,EcoLiving,43.54,4.7,392,487,15,0,0.53
P0032,ShineOn_Material_Escritorio #32,Material_Escritorio,ShineOn,19.58,3.2,16,883,15,0,0.31
P0033,EcoLiving_Beleza #33,Beleza,EcoLiving,40.46,3.0,261,546,0,0,0.33
P0034,DigiTools_Material_Escritorio #34,Material_Escritorio,DigiTools,19.43,4.8,492,744,40,0,0.67
P0035,StyleMax_Beleza #35,Beleza,StyleMax,60.26,3.4,73,976,25,0,0.5
P0036,ClassicCo_Roupas #36,Roupas,ClassicCo,46.35,3.2,279,456,0,0,0.98
P0037,UrbanStyle_Alimentos #37,Alimentos,UrbanStyle,14.6,3.6,31,765,50,0,1.87
P0038,HomeEssentials_Roupas #38,Roupas,HomeEssentials,90.04,2.6,357,892,0,0,1.81
P0039,WorkSmart_Beleza #39,Beleza,WorkSmart,38.89,3.1,243,989,0,0,2.2
P0040,ShineOn_Alimentos #40,Alimentos,ShineOn,11.91,5.0,121,414,0,0,0.77
P0041,UrbanStyle_Roupas #41,Roupas,UrbanStyle,36.32,4.4,33,113,0,0,0.6
P0042,SoundWave_Joias #42,Joias,SoundWave,83.5,4.5,56,901,5,0,0.29
P0043,PlayTime_Musica #43,Musica,PlayTime,21.4,4.3,490,396,0,0,2.01
P0044,DigiTools_Roupas #44,Roupas,DigiTools,30.63,4.3,426,74,20,0,2.65
P0045,NovaTech_Casa_Jardim #45,Casa_Jardim,NovaTech,116.05,3.7,252,248,0,0,3.5
P0046,WorkSmart_Esportes #46,Esportes,WorkSmart,158.3,3.9,471,862,10,0,1.37
P0047,FitGear_Saude #47,Saude,FitGear,35.22,4.1,80,326,0,0,0.63
P0048,AutoParts_Eletronicos #48,Eletronicos,AutoParts,85.12,3.6,34,607,0,0,0.34
P0049,ReadMore_Pet_Shop #49,Pet_Shop,ReadMore,36.92,4.8,116,967,40,0,0.26
P0050,WellBeing_Automotivo #50,Automotivo,WellBeing,84.53,2.6,220,684,0,0,0.14
P0051,TechPro_Livros #51,Livros,TechPro,20.98,3.5,113,553,0,0,2.8
P0052,StyleMax_Alimentos #52,Alimentos,StyleMax,11.83,4.7,479,355,0,0,1.47
P0053,GlowUp_Casa_Jardim #53,Casa_Jardim,GlowUp,96.65,4.8,256,833,0,0,10.34
P0054,FitGear_Esportes #54,Esportes,FitGear,34.99,3.4,118,754,20,0,0.89
P0055,WorkSmart_Musica #55,Musica,WorkSmart,22.23,4.0,220,9,0,0,1.06
P0056,EcoLiving_Eletronicos #56,Eletronicos,EcoLiving,235.15,4.2,494,435,0,1,1.44
P0057,EcoLiving_Eletronicos #57,Eletronicos,EcoLiving,245.22,5.0,313,522,20,0,1.82
P0058,GlowUp_Alimentos #58,Alimentos,GlowUp,17.8,3.2,50,347,0,0,0.51
P0059,StyleMax_Brinquedos #59,Brinquedos,StyleMax,39.72,4.0,200,956,40,0,0.96
P0060,TechPro_Pet_Shop #60,Pet_Shop,TechPro,14.22,3.5,450,964,0,0,2.16
P0061,FitGear_Roupas #61,Roupas,FitGear,67.2,5.0,337,341,0,0,4.91
P0062,UrbanStyle_Material_Escritorio #62,Material_Escritorio,UrbanStyle,21.98,3.7,311,4,0,0,0.4
P0063,PetLife_Brinquedos #63,Brinquedos,PetLife,22.74,3.3,188,494,0,0,1.22
P0064,StyleMax_Material_Escritorio #64,Material_Escritorio,StyleMax,23.09,4.4,456,660,30,0,1.1
P0065,EcoLiving_Casa_Jardim #65,Casa_Jardim,EcoLiving,67.75,3.4,153,299,0,0,0.76
P0066,FreshMarket_Musica #66,Musica,FreshMarket,18.93,3.9,95,682,0,0,2.75
P0067,SoundWave_Musica #67,Musica,SoundWave,7.47,4.3,20,711,20,0,9.78
P0068,SoundWave_Material_Escritorio #68,Material_Escritorio,SoundWave,21.47,2.4,375,21,0,0,1.44
P0069,EcoLiving_Esportes #69,Esportes,EcoLiving,45.31,3.1,397,8,0,1,0.46
P0070,PureBrand_Esportes #70,Esportes,PureBrand,59.48,5.0,19,566,0,0,0.24
P0071,EcoLiving_Pet_Shop #71,Pet_Shop,EcoLiving,24.36,4.0,251,570,30,0,0.93
P0072,FreshMarket_Casa_Jardim #72,Casa_Jardim,FreshMarket,173.89,3.1,121,829,0,0,2.57
P0073,ReadMore_Beleza #73,Beleza,ReadMore,27.18,3.9,99,111,10,0,0.81
P0074,SoundWave_Roupas #74,Roupas,SoundWave,21.0,2.3,449,420,0,1,1.3
P0075,GlowUp_Alimentos #75,Alimentos,GlowUp,11.43,3.9,229,452,30,0,7.06
P0076,StyleMax_Brinquedos #76,Brinquedos,StyleMax,20.02,4.1,336,660,0,0,1.91
P0077,ClassicCo_Saude #77,Saude,ClassicCo,38.84,3.7,164,504,0,1,1.06
P0078,AutoParts_Joias #78,Joias,AutoParts,71.89,3.4,339,684,10,0,0.26
P0079,DigiTools_Saude #79,Saude,DigiTools,48.06,5.0,107,407,0,0,2.24
P0080,TechPro_Eletronicos #80,Eletronicos,TechPro,198.68,3.7,214,108,0,0,1.75
P0081,PureBrand_Joias #81,Joias,PureBrand,107.45,2.5,332,50,0,0,2.28
P0082,DigiTools_Livros #82,Livros,DigiTools,31.33,3.7,94,54,0,0,0.29
P0083,PureBrand_Esportes #83,Esportes,PureBrand,51.72,4.9,232,557,0,0,0.97
P0084,PetLife_Brinquedos #84,Brinquedos,PetLife,12.84,5.0,262,431,20,0,1.79
P0085,TechPro_Alimentos #85,Alimentos,TechPro,9.44,1.6,215,250,0,0,0.23
P0086,FreshMarket_Joias #86,Joias,FreshMarket,45.2,3.1,129,610,0,0,1.14
P0087,PetLife_Joias #87,Joias,PetLife,67.02,3.7,234,441,0,0,2.96
P0088,EcoLiving_Casa_Jardim #88,Casa_Jardim,EcoLiving,10.35,3.9,126,308,20,0,0.53
P0089,EcoLiving_Esportes #89,Esportes,EcoLiving,76.05,2.9,326,90,10,0,2.88
P0090,ReadMore_Alimentos #90,Alimentos,ReadMore,5.71,4.2,147,121,0,0,1.03
P0091,ShineOn_Livros #91,Livros,ShineOn,21.51,4.5,399,163,20,0,1.1
P0092,NovaTech_Esportes #92,Esportes,NovaTech,36.28,3.1,152,169,5,0,2.68
P0093,StyleMax_Esportes #93,Esportes,StyleMax,43.67,3.8,231,615,50,0,0.51
P0094,FitGear_Esportes #94,Esportes,FitGear,112.77,4.7,251,616,0,0,0.27
P0095,SoundWave_Esportes #95,Esportes,SoundWave,42.76,5.0,271,993,0,0,0.77
P0096,PetLife_Saude #96,Saude,PetLife,21.52,4.6,76,81,0,0,1.39
P0097,AutoParts_Casa_Jardim #97,Casa_Jardim,AutoParts,46.71,3.4,322,981,0,1,1.42
P0098,EcoLiving_Joias #98,Joias,EcoLiving,48.31,4.2,262,729,20,0,1.37
P0099,PetLife_Casa_Jardim #99,Casa_Jardim,PetLife,91.76,3.8,87,114,0,0,0.48
P0100,TechPro_Musica #100,Musica,TechPro,23.7,3.2,316,569,0,0,1.61
P0101,EcoLiving_Eletronicos #101,Eletronicos,EcoLiving,172.1,4.4,385,579,5,0,0.9
P0102,WorkSmart_Software #102,Software,WorkSmart,73.4,4.4,244,102,30,0,4.6
P0103,ReadMore_Livros #103,Livros,ReadMore,20.23,3.8,16,903,0,0,2.43
P0104,WorkSmart_Eletronicos #104,Eletronicos,WorkSmart,174.2,4.8,339,707,0,0,1.68
P0105,FreshMarket_Musica #105,Musica,FreshMarket,20.33,3.6,118,399,0,1,0.83
P0106,AutoParts_Roupas #106,Roupas,AutoParts,39.95,3.7,307,418,20,0,0.7
P0107,StyleMax_Automotivo #107,Automotivo,StyleMax,57.5,4.2,492,804,0,0,0.8
P0108,ReadMore_Pet_Shop #108,Pet_Shop,ReadMore,6.97,4.1,162,611,0,1,1.32
P0109,PetLife_Esportes #109,Esportes,PetLife,43.28,3.1,312,142,10,0,2.66
P0110,PlayTime_Musica #110,Musica,PlayTime,17.85,5.0,426,602,0,0,0.23
P0111,StyleMax_Joias #111,Joias,StyleMax,44.6,4.3,210,985,0,1,0.61
P0112,GlowUp_Eletronicos #112,Eletronicos,GlowUp,302.87,4.0,204,873,0,0,3.48
P0113,GlowUp_Material_Escritorio #113,Material_Escritorio,GlowUp,17.76,3.8,368,643,0,0,0.57
P0114,ClassicCo_Automotivo #114,Automotivo,ClassicCo,97.99,3.9,491,539,0,0,0.43
P0115,EcoLiving_Casa_Jardim #115,Casa_Jardim,EcoLiving,68.27,5.0,195,617,0,1,2.91
P0116,DigiTools_Joias #116,Joias,DigiTools,84.45,4.8,257,275,0,1,1.65
P0117,HomeEssentials_Automotivo #117,Automotivo,HomeEssentials,59.46,4.5,180,581,0,0,1.25
P0118,GlowUp_Material_Escritorio #118,Material_Escritorio,GlowUp,13.86,5.0,105,837,0,0,1.84
P0119,PlayTime_Software #119,Software,PlayTime,21.18,4.3,375,902,0,0,0.75
P0120,WellBeing_Saude #120,Saude,WellBeing,71.94,3.3,11,593,30,1,1.04
P0121,EcoLiving_Roupas #121,Roupas,EcoLiving,52.35,4.6,233,308,0,1,1.1
P0122,ShineOn_Pet_Shop #122,Pet_Shop,ShineOn,15.21,4.2,354,216,30,0,0.72
P0123,EcoLiving_Software #123,Software,EcoLiving,65.51,5.0,235,213,10,0,0.72
P0124,ClassicCo_Material_Escritorio #124,Material_Escritorio,ClassicCo,11.06,4.4,51,232,0,0,0.42
P0125,DigiTools_Brinquedos #125,Brinquedos,DigiTools,33.36,3.9,55,534,0,0,0.61
P0126,GlowUp_Roupas #126,Roupas,GlowUp,55.14,4.8,179,442,25,0,0.64
P0127,PetLife_Alimentos #127,Alimentos,PetLife,8.56,2.5,412,984,10,0,0.15
P0128,WorkSmart_Eletronicos #128,Eletronicos,WorkSmart,89.44,4.4,139,617,0,0,1.83
P0129,SoundWave_Eletronicos #129,Eletronicos,SoundWave,153.69,4.5,173,982,0,0,1.31
P0130,ShineOn_Casa_Jardim #130,Casa_Jardim,ShineOn,62.28,2.9,444,918,10,0,4.41
P0131,SoundWave_Livros #131,Livros,SoundWave,6.76,3.9,282,91,30,0,0.27
P0132,PlayTime_Automotivo #132,Automotivo,PlayTime,55.74,3.5,459,266,0,0,0.36
P0133,WellBeing_Beleza #133,Beleza,WellBeing,56.81,3.7,204,47,0,0,2.55
P0134,FitGear_Pet_Shop #134,Pet_Shop,FitGear,23.77,4.5,261,640,20,0,0.3
P0135,FreshMarket_Software #135,Software,FreshMarket,184.99,3.2,304,808,20,0,0.95
P0136,PureBrand_Joias #136,Joias,PureBrand,110.43,3.8,398,914,0,0,0.78
P0137,HomeEssentials_Pet_Shop #137,Pet_Shop,HomeEssentials,22.39,3.1,263,642,0,0,4.62
P0138,EcoLiving_Material_Escritorio #138,Material_Escritorio,EcoLiving,12.58,4.0,203,237,0,0,0.95
P0139,UrbanStyle_Software #139,Software,UrbanStyle,27.83,4.1,479,625,0,0,0.94
P0140,PetLife_Livros #140,Livros,PetLife,15.96,2.8,157,259,0,0,1.24
P0141,AutoParts_Saude #141,Saude,AutoParts,27.14,3.5,478,699,0,0,0.42
P0142,NovaTech_Musica #142,Musica,NovaTech,15.12,3.6,347,37,0,0,0.6
P0143,EcoLiving_Joias #143,Joias,EcoLiving,97.51,4.1,85,31,0,0,0.33
P0144,NovaTech_Esportes #144,Esportes,NovaTech,35.09,4.6,337,612,0,0,1.91
P0145,AutoParts_Eletronicos #145,Eletronicos,AutoParts,303.85,3.2,446,410,40,0,1.99
P0146,DigiTools_Musica #146,Musica,DigiTools,20.43,3.5,66,137,0,0,0.43
P0147,ShineOn_Joias #147,Joias,ShineOn,66.23,5.0,219,479,10,0,0.77
P0148,EcoLiving_Automotivo #148,Automotivo,EcoLiving,88.88,4.6,442,622,0,0,1.17
P0149,PureBrand_Joias #149,Joias,PureBrand,28.36,3.0,234,658,30,0,0.25
P0150,WellBeing_Material_Escritorio #150,Material_Escritorio,WellBeing,24.06,3.7,269,32,0,1,1.7
P0151,StyleMax_Material_Escritorio #151,Material_Escritorio,StyleMax,23.86,4.1,369,580,0,0,0.34
P0152,WellBeing_Livros #152,Livros,WellBeing,5.32,4.5,33,76,0,0,0.18
P0153,GlowUp_Saude #153,Saude,GlowUp,13.73,4.1,253,755,0,0,1.06
P0154,FitGear_Joias #154,Joias,FitGear,76.48,4.3,17,722,0,0,1.83
P0155,GlowUp_Pet_Shop #155,Pet_Shop,GlowUp,18.09,4.1,359,542,0,0,2.45
P0156,UrbanStyle_Eletronicos #156,Eletronicos,UrbanStyle,193.36,4.0,263,809,0,0,1.58
P0157,ClassicCo_Eletronicos #157,Eletronicos,ClassicCo,204.42,2.7,209,632,0,0,0.51
P0158,PlayTime_Joias #158,Joias,PlayTime,192.56,3.6,205,596,0,0,6.35
P0159,HomeEssentials_Livros #159,Livros,HomeEssentials,12.48,4.8,361,5,50,0,1.07
P0160,SoundWave_Automotivo #160,Automotivo,SoundWave,107.91,4.7,403,190,0,0,0.4
P0161,UrbanStyle_Software #161,Software,UrbanStyle,39.32,3.8,245,636,20,0,2.63
P0162,PureBrand_Alimentos #162,Alimentos,PureBrand,14.51,3.6,418,946,0,0,1.34
P0163,HomeEssentials_Esportes #163,Esportes,HomeEssentials,40.44,3.2,55,511,0,0,7.63
P0164,SoundWave_Software #164,Software,SoundWave,25.76,3.1,402,991,0,0,4.7
P0165,PureBrand_Roupas #165,Roupas,PureBrand,32.93,4.6,299,413,0,0,0.67
P0166,UrbanStyle_Alimentos #166,Alimentos,UrbanStyle,14.44,3.5,96,133,0,0,0.29
P0167,HomeEssentials_Saude #167,Saude,HomeEssentials,19.5,4.0,337,696,5,0,0.61
P0168,StyleMax_Eletronicos #168,Eletronicos,StyleMax,206.95,5.0,348,718,0,0,0.1
P0169,TechPro_Beleza #169,Beleza,TechPro,35.03,3.9,123,2,20,1,1.04
P0170,SoundWave_Roupas #170,Roupas,SoundWave,52.98,3.4,483,879,30,0,2.67
P0171,NovaTech_Joias #171,Joias,NovaTech,129.62,4.7,333,769,0,0,1.02
P0172,SoundWave_Brinquedos #172,Brinquedos,SoundWave,68.73,4.9,75,589,0,0,1.61
P0173,NovaTech_Material_Escritorio #173,Material_Escritorio,NovaTech,10.52,2.2,497,886,0,0,2.16
P0174,ReadMore_Software #174,Software,ReadMore,41.11,4.8,404,727,25,0,4.45
P0175,AutoParts_Software #175,Software,AutoParts,48.31,3.1,241,113,25,0,1.18
P0176,TechPro_Eletronicos #176,Eletronicos,TechPro,154.57,5.0,446,660,0,1,0.8
P0177,ShineOn_Saude #177,Saude,ShineOn,62.45,5.0,156,354,10,0,0.57
P0178,NovaTech_Eletronicos #178,Eletronicos,NovaTech,370.61,4.1,100,985,0,0,4.97
P0179,ReadMore_Automotivo #179,Automotivo,ReadMore,243.69,3.3,85,868,0,0,0.55
P0180,PureBrand_Software #180,Software,PureBrand,46.35,4.7,350,710,0,0,6.37
P0181,PureBrand_Alimentos #181,Alimentos,PureBrand,6.72,4.1,98,62,40,0,0.72
P0182,EcoLiving_Automotivo #182,Automotivo,EcoLiving,70.97,3.4,111,908,0,0,0.43
P0183,UrbanStyle_Eletronicos #183,Eletronicos,UrbanStyle,122.74,4.4,113,227,0,0,1.53
P0184,StyleMax_Eletronicos #184,Eletronicos,StyleMax,301.53,3.1,308,789,10,0,1.28
P0185,ClassicCo_Eletronicos #185,Eletronicos,ClassicCo,290.35,4.2,180,805,0,0,0.19
P0186,PlayTime_Automotivo #186,Automotivo,PlayTime,117.15,4.2,215,496,15,0,2.01
P0187,UrbanStyle_Pet_Shop #187,Pet_Shop,UrbanStyle,70.8,4.4,12,357,0,0,0.16
P0188,DigiTools_Material_Escritorio #188,Material_Escritorio,DigiTools,20.08,4.8,219,206,0,0,6.13
P0189,PetLife_Pet_Shop #189,Pet_Shop,PetLife,18.07,3.4,238,338,10,0,0.24
P0190,ClassicCo_Casa_Jardim #190,Casa_Jardim,ClassicCo,58.5,3.5,63,75,0,0,1.34
P0191,PlayTime_Livros #191,Livros,PlayTime,9.2,3.8,443,398,50,0,1.72
P0192,HomeEssentials_Roupas #192,Roupas,HomeEssentials,31.78,4.5,479,417,0,0,2.62
P0193,PureBrand_Material_Escritorio #193,Material_Escritorio,PureBrand,20.08,3.6,233,967,0,0,0.24
P0194,NovaTech_Beleza #194,Beleza,NovaTech,38.3,2.5,13,457,0,0,1.69
P0195,FreshMarket_Esportes #195,Esportes,FreshMarket,32.87,3.6,254,57,0,1,0.34
P0196,EcoLiving_Automotivo #196,Automotivo,EcoLiving,41.38,3.9,38,145,0,0,1.28
P0197,PureBrand_Pet_Shop #197,Pet_Shop,PureBrand,35.62,3.2,285,367,0,1,0.14
P0198,FitGear_Alimentos #198,Alimentos,FitGear,7.72,1.9,113,301,0,0,1.69
P0199,FitGear_Joias #199,Joias,FitGear,96.71,4.2,487,361,0,0,3.7
P0200,ClassicCo_Joias #200,Joias,ClassicCo,159.01,3.0,252,445,5,0,0.75
P0201,PetLife_Brinquedos #201,Brinquedos,PetLife,37.39,4.6,145,979,0,0,1.1
P0202,TechPro_Livros #202,Livros,TechPro,20.12,5.0,317,47,0,0,1.86
P0203,PetLife_Saude #203,Saude,PetLife,60.17,3.3,479,287,0,0,1.4
P0204,HomeEssentials_Material_Escritorio #204,Material_Escritorio,HomeEssentials,22.48,4.1,109,328,0,0,0.2
P0205,GlowUp_Beleza #205,Beleza,GlowUp,17.21,4.0,381,944,0,0,0.3
P0206,PureBrand_Musica #206,Musica,PureBrand,61.45,2.8,459,642,0,0,0.67
P0207,GlowUp_Alimentos #207,Alimentos,GlowUp,14.95,1.9,221,403,15,1,1.12
P0208,PlayTime_Casa_Jardim #208,Casa_Jardim,PlayTime,75.93,2.9,464,34,0,0,0.62
P0209,EcoLiving_Pet_Shop #209,Pet_Shop,EcoLiving,27.23,3.6,421,456,0,0,1.1
P0210,AutoParts_Brinquedos #210,Brinquedos,AutoParts,10.65,5.0,259,862,0,0,2.74
P0211,PlayTime_Roupas #211,Roupas,PlayTime,29.04,4.3,477,676,15,0,0.7
P0212,NovaTech_Automotivo #212,Automotivo,NovaTech,181.22,3.3,88,926,5,0,0.33
P0213,SoundWave_Eletronicos #213,Eletronicos,SoundWave,76.22,3.3,469,480,0,1,1.65
P0214,WorkSmart_Saude #214,Saude,WorkSmart,32.94,3.3,153,282,0,0,3.41
P0215,WellBeing_Automotivo #215,Automotivo,WellBeing,91.39,2.5,225,216,0,0,1.33
P0216,StyleMax_Saude #216,Saude,StyleMax,29.32,3.1,149,608,0,0,0.63
P0217,ReadMore_Pet_Shop #217,Pet_Shop,ReadMore,68.63,4.4,454,839,0,0,0.84
P0218,NovaTech_Eletronicos #218,Eletronicos,NovaTech,92.55,3.8,143,578,5,0,0.62
P0219,GlowUp_Automotivo #219,Automotivo,GlowUp,55.53,3.7,351,282,0,0,1.34
P0220,EcoLiving_Automotivo #220,Automotivo,EcoLiving,93.84,4.7,263,617,0,0,0.12
P0221,PlayTime_Casa_Jardim #221,Casa_Jardim,PlayTime,73.06,3.1,38,857,0,1,1.1
P0222,PlayTime_Software #222,Software,PlayTime,52.5,4.3,382,595,0,0,0.84
P0223,GlowUp_Alimentos #223,Alimentos,GlowUp,13.72,2.9,18,968,0,0,2.46
P0224,StyleMax_Saude #224,Saude,StyleMax,25.41,4.5,90,262,0,0,0.24
P0225,HomeEssentials_Brinquedos #225,Brinquedos,HomeEssentials,21.06,3.9,199,533,25,0,0.32
P0226,TechPro_Automotivo #226,Automotivo,TechPro,47.27,3.9,218,239,0,0,1.42
P0227,TechPro_Software #227,Software,TechPro,60.95,3.9,322,174,0,0,3.68
P0228,EcoLiving_Eletronicos #228,Eletronicos,EcoLiving,85.26,4.4,30,116,5,0,0.87
P0229,EcoLiving_Saude #229,Saude,EcoLiving,17.65,3.1,447,162,20,0,0.79
P0230,PlayTime_Pet_Shop #230,Pet_Shop,PlayTime,38.73,4.6,23,319,0,0,0.46
P0231,GlowUp_Alimentos #231,Alimentos,GlowUp,8.92,3.6,18,851,0,0,1.04
P0232,FreshMarket_Joias #232,Joias,FreshMarket,300.23,4.4,369,197,15,1,0.38
P0233,ClassicCo_Beleza #233,Beleza,ClassicCo,23.76,4.3,135,283,0,0,0.27
P0234,EcoLiving_Joias #234,Joias,EcoLiving,71.49,3.4,123,731,30,0,1.72
P0235,TechPro_Beleza #235,Beleza,TechPro,57.91,4.4,373,494,0,0,0.42
P0236,EcoLiving_Material_Escritorio #236,Material_Escritorio,EcoLiving,32.6,3.2,302,653,0,1,1.95
P0237,EcoLiving_Casa_Jardim #237,Casa_Jardim,EcoLiving,54.38,2.7,181,784,0,0,0.94
P0238,WorkSmart_Roupas #238,Roupas,WorkSmart,42.95,4.0,157,461,0,0,2.66
P0239,GlowUp_Saude #239,Saude,GlowUp,57.82,5.0,301,55,0,0,0.34
P0240,DigiTools_Esportes #240,Esportes,DigiTools,55.29,3.5,430,465,0,0,2.22
P0241,SoundWave_Material_Escritorio #241,Material_Escritorio,SoundWave,16.92,4.2,199,433,0,0,1.01
P0242,ShineOn_Esportes #242,Esportes,ShineOn,45.59,4.5,215,941,5,0,0.23
P0243,SoundWave_Roupas #243,Roupas,SoundWave,120.62,3.1,103,670,0,0,0.49
P0244,StyleMax_Saude #244,Saude,StyleMax,29.94,3.3,265,618,0,0,0.5
P0245,FitGear_Brinquedos #245,Brinquedos,FitGear,21.35,4.8,30,574,0,0,1.48
P0246,DigiTools_Musica #246,Musica,DigiTools,17.63,4.3,406,382,0,0,0.39
P0247,FitGear_Pet_Shop #247,Pet_Shop,FitGear,25.77,3.9,268,406,0,1,0.29
P0248,StyleMax_Software #248,Software,StyleMax,34.52,2.5,144,231,0,0,0.67
P0249,ClassicCo_Casa_Jardim #249,Casa_Jardim,ClassicCo,133.31,3.5,92,352,10,0,2.52
P0250,DigiTools_Beleza #250,Beleza,DigiTools,24.99,4.2,132,726,0,0,1.13
P0251,FitGear_Pet_Shop #251,Pet_Shop,FitGear,32.15,1.3,34,79,0,0,0.75
P0252,NovaTech_Livros #252,Livros,NovaTech,34.15,4.4,477,543,30,1,1.8
P0253,HomeEssentials_Brinquedos #253,Brinquedos,HomeEssentials,21.21,4.7,154,605,0,0,0.38
P0254,ShineOn_Roupas #254,Roupas,ShineOn,55.16,5.0,461,144,0,0,5.98
P0255,SoundWave_Roupas #255,Roupas,SoundWave,24.47,4.8,463,58,0,0,5.27
P0256,WorkSmart_Livros #256,Livros,WorkSmart,10.23,4.1,7,430,30,0,0.62
P0257,FitGear_Software #257,Software,FitGear,53.97,4.6,280,521,0,0,1.09
P0258,TechPro_Eletronicos #258,Eletronicos,TechPro,165.02,3.7,396,188,30,0,0.89
P0259,DigiTools_Casa_Jardim #259,Casa_Jardim,DigiTools,88.17,3.6,119,133,0,0,0.59
P0260,ClassicCo_Brinquedos #260,Brinquedos,ClassicCo,19.5,4.2,489,297,50,0,2.47
P0261,AutoParts_Eletronicos #261,Eletronicos,AutoParts,177.15,3.3,309,39,40,0,0.23
P0262,PlayTime_Casa_Jardim #262,Casa_Jardim,PlayTime,44.34,3.5,392,619,0,0,0.68
P0263,FreshMarket_Alimentos #263,Alimentos,FreshMarket,21.12,5.0,385,487,0,1,1.64
P0264,EcoLiving_Musica #264,Musica,EcoLiving,16.47,3.2,70,587,0,0,4.66
P0265,StyleMax_Casa_Jardim #265,Casa_Jardim,StyleMax,43.86,4.0,425,305,0,0,3.83
P0266,PureBrand_Livros #266,Livros,PureBrand,9.8,2.5,60,599,0,1,0.49
P0267,GlowUp_Eletronicos #267,Eletronicos,GlowUp,117.13,3.3,495,488,0,0,0.45
P0268,PureBrand_Casa_Jardim #268,Casa_Jardim,PureBrand,85.43,3.3,314,958,0,0,0.64
P0269,GlowUp_Saude #269,Saude,GlowUp,33.89,3.7,308,163,20,0,4.09
P0270,WorkSmart_Roupas #270,Roupas,WorkSmart,197.49,3.3,475,447,0,0,1.47
P0271,DigiTools_Roupas #271,Roupas,DigiTools,34.52,3.6,216,966,0,0,16.86
P0272,FitGear_Casa_Jardim #272,Casa_Jardim,FitGear,27.83,3.4,249,944,0,0,1.84
P0273,WellBeing_Software #273,Software,WellBeing,45.27,3.6,339,13,0,0,5.27
P0274,FreshMarket_Software #274,Software,FreshMarket,156.04,2.7,111,340,0,0,0.89
P0275,NovaTech_Joias #275,Joias,NovaTech,107.96,2.7,55,135,0,0,0.43
P0276,GlowUp_Casa_Jardim #276,Casa_Jardim,GlowUp,57.96,4.6,490,688,15,0,10.81
P0277,StyleMax_Musica #277,Musica,StyleMax,13.88,3.3,368,711,15,0,0.26
P0278,UrbanStyle_Joias #278,Joias,UrbanStyle,76.87,4.2,285,563,0,0,1.29
P0279,WellBeing_Saude #279,Saude,WellBeing,63.97,4.3,139,930,5,0,1.1
P0280,ReadMore_Saude #280,Saude,ReadMore,23.11,3.9,399,32,0,0,0.54
P0281,FitGear_Material_Escritorio #281,Material_Escritorio,FitGear,20.35,2.7,333,45,0,0,1.4
P0282,HomeEssentials_Esportes #282,Esportes,HomeEssentials,53.92,2.3,215,932,0,0,0.84
P0283,AutoParts_Saude #283,Saude,AutoParts,35.25,3.5,232,22,10,0,0.41
P0284,ReadMore_Esportes #284,Esportes,ReadMore,42.91,3.8,473,962,20,0,0.27
P0285,ReadMore_Material_Escritorio #285,Material_Escritorio,ReadMore,9.7,4.9,126,558,0,0,1.52
P0286,ReadMore_Saude #286,Saude,ReadMore,39.05,5.0,37,630,30,0,0.45
P0287,PlayTime_Joias #287,Joias,PlayTime,78.58,4.3,384,440,0,0,0.58
P0288,AutoParts_Software #288,Software,AutoParts,92.7,3.9,112,632,0,0,0.43
P0289,SoundWave_Casa_Jardim #289,Casa_Jardim,SoundWave,55.16,3.9,438,204,0,0,0.44
P0290,EcoLiving_Eletronicos #290,Eletronicos,EcoLiving,195.01,3.9,298,104,0,0,0.84
P0291,UrbanStyle_Roupas #291,Roupas,UrbanStyle,48.72,3.2,285,132,0,0,0.28
P0292,EcoLiving_Esportes #292,Esportes,EcoLiving,63.42,5.0,121,168,15,0,0.71
P0293,PetLife_Saude #293,Saude,PetLife,14.24,3.5,419,853,0,0,1.73
P0294,EcoLiving_Pet_Shop #294,Pet_Shop,EcoLiving,29.24,4.1,384,442,0,0,1.79
P0295,PlayTime_Casa_Jardim #295,Casa_Jardim,PlayTime,25.71,4.0,419,123,0,1,0.59
P0296,FitGear_Software #296,Software,FitGear,41.59,1.9,267,250,0,0,0.47
P0297,FreshMarket_Software #297,Software,FreshMarket,68.92,3.2,121,695,0,0,3.2
P0298,FreshMarket_Saude #298,Saude,FreshMarket,98.5,4.3,285,364,40,0,1.46
P0299,WellBeing_Casa_Jardim #299,Casa_Jardim,WellBeing,36.53,4.8,304,827,0,0,1.63
P0300,NovaTech_Pet_Shop #300,Pet_Shop,NovaTech,16.5,3.9,97,20,50,0,3.42
P0301,PetLife_Automotivo #301,Automotivo,PetLife,34.47,4.3,496,22,0,0,2.78
P0302,ClassicCo_Esportes #302,Esportes,ClassicCo,34.82,2.9,206,775,0,0,2.36
P0303,UrbanStyle_Pet_Shop #303,Pet_Shop,UrbanStyle,78.62,4.0,57,744,5,0,0.17
P0304,HomeEssentials_Eletronicos #304,Eletronicos,HomeEssentials,90.37,3.1,382,89,0,0,0.55
P0305,PureBrand_Esportes #305,Esportes,PureBrand,10.56,4.4,323,683,0,1,0.25
P0306,GlowUp_Roupas #306,Roupas,GlowUp,69.94,4.0,30,207,0,0,3.76
P0307,FitGear_Saude #307,Saude,FitGear,53.78,5.0,183,543,0,0,0.69
P0308,StyleMax_Saude #308,Saude,StyleMax,35.87,3.8,50,739,0,0,0.46
P0309,NovaTech_Software #309,Software,NovaTech,53.32,2.7,193,79,0,1,1.33
P0310,ReadMore_Alimentos #310,Alimentos,ReadMore,17.78,4.1,26,995,5,0,1.83
P0311,PetLife_Software #311,Software,PetLife,74.85,3.6,30,907,0,1,1.57
P0312,PlayTime_Esportes #312,Esportes,PlayTime,30.0,4.6,408,307,0,0,1.0
P0313,FreshMarket_Casa_Jardim #313,Casa_Jardim,FreshMarket,32.11,3.2,140,908,0,1,3.24
P0314,PetLife_Software #314,Software,PetLife,30.25,4.8,366,536,10,0,0.7
P0315,ReadMore_Roupas #315,Roupas,ReadMore,30.61,2.7,427,341,0,0,0.22
P0316,WorkSmart_Joias #316,Joias,WorkSmart,129.3,5.0,342,873,0,0,0.66
P0317,SoundWave_Esportes #317,Esportes,SoundWave,84.74,2.9,29,336,0,0,0.63
P0318,WellBeing_Esportes #318,Esportes,WellBeing,42.13,3.2,410,428,0,0,1.86
P0319,SoundWave_Eletronicos #319,Eletronicos,SoundWave,230.34,4.5,153,547,0,0,2.49
P0320,PureBrand_Livros #320,Livros,PureBrand,14.32,5.0,337,214,10,0,0.46
P0321,ClassicCo_Casa_Jardim #321,Casa_Jardim,ClassicCo,39.52,3.9,493,875,50,0,0.12
P0322,FitGear_Alimentos #322,Alimentos,FitGear,7.73,2.7,27,865,5,0,7.06
P0323,PlayTime_Beleza #323,Beleza,PlayTime,31.0,1.9,72,932,5,0,1.2
P0324,StyleMax_Esportes #324,Esportes,StyleMax,73.0,4.8,417,867,30,1,0.13
P0325,WellBeing_Eletronicos #325,Eletronicos,WellBeing,245.37,5.0,381,249,0,0,0.19
P0326,ShineOn_Joias #326,Joias,ShineOn,81.4,4.9,470,583,0,0,1.24
P0327,ShineOn_Roupas #327,Roupas,ShineOn,90.34,4.1,497,556,0,0,0.59
P0328,StyleMax_Casa_Jardim #328,Casa_Jardim,StyleMax,131.08,3.4,35,803,0,0,3.43
P0329,EcoLiving_Software #329,Software,EcoLiving,23.5,4.2,444,364,0,1,0.59
P0330,FitGear_Joias #330,Joias,FitGear,49.73,4.1,99,532,0,0,0.92
P0331,ClassicCo_Saude #331,Saude,ClassicCo,16.95,5.0,427,218,0,0,0.54
P0332,GlowUp_Roupas #332,Roupas,GlowUp,70.64,4.4,315,524,0,0,0.87
P0333,DigiTools_Esportes #333,Esportes,DigiTools,43.44,4.5,498,2,0,0,1.06
P0334,HomeEssentials_Esportes #334,Esportes,HomeEssentials,51.48,3.9,490,14,5,0,3.8
P0335,GlowUp_Roupas #335,Roupas,GlowUp,60.84,3.2,136,293,0,0,1.35
P0336,PlayTime_Esportes #336,Esportes,PlayTime,49.71,3.8,260,702,0,0,1.08
P0337,WellBeing_Alimentos #337,Alimentos,WellBeing,8.7,1.9,480,328,0,0,2.1
P0338,WellBeing_Livros #338,Livros,WellBeing,8.66,3.8,388,686,0,0,3.7
P0339,WellBeing_Material_Escritorio #339,Material_Escritorio,WellBeing,17.78,4.0,270,654,0,0,0.26
P0340,DigiTools_Material_Escritorio #340,Material_Escritorio,DigiTools,29.85,3.4,357,298,20,0,0.51
P0341,PureBrand_Esportes #341,Esportes,PureBrand,21.48,4.1,53,643,0,0,1.23
P0342,TechPro_Pet_Shop #342,Pet_Shop,TechPro,19.59,4.7,362,409,5,0,1.0
P0343,WellBeing_Material_Escritorio #343,Material_Escritorio,WellBeing,7.6,3.9,432,978,0,0,0.54
P0344,PureBrand_Software #344,Software,PureBrand,79.26,3.9,218,18,25,0,0.14
P0345,TechPro_Brinquedos #345,Brinquedos,TechPro,10.87,3.5,65,663,0,0,0.75
P0346,UrbanStyle_Saude #346,Saude,UrbanStyle,15.67,3.6,49,827,40,0,1.45
P0347,DigiTools_Automotivo #347,Automotivo,DigiTools,121.39,5.0,88,153,0,0,4.22
P0348,UrbanStyle_Eletronicos #348,Eletronicos,UrbanStyle,144.85,3.4,292,977,0,0,1.03
P0349,FreshMarket_Brinquedos #349,Brinquedos,FreshMarket,10.08,3.3,0,589,0,0,1.01
P0350,ShineOn_Brinquedos #350,Brinquedos,ShineOn,32.57,4.6,499,565,0,0,0.46
P0351,WellBeing_Alimentos #351,Alimentos,WellBeing,12.69,3.2,188,165,0,0,1.0
P0352,WorkSmart_Joias #352,Joias,WorkSmart,237.32,4.7,245,596,0,0,0.61
P0353,DigiTools_Roupas #353,Roupas,DigiTools,24.38,3.1,208,153,0,0,1.76
P0354,PetLife_Saude #354,Saude,PetLife,21.32,3.8,345,403,0,0,1.58
P0355,PureBrand_Livros #355,Livros,PureBrand,10.33,4.5,129,927,0,0,4.11
P0356,UrbanStyle_Alimentos #356,Alimentos,UrbanStyle,19.58,2.8,432,233,0,0,1.33
P0357,UrbanStyle_Alimentos #357,Alimentos,UrbanStyle,4.46,4.4,410,178,40,0,1.72
P0358,PetLife_Musica #358,Musica,PetLife,14.96,4.5,379,6,0,0,0.25
P0359,GlowUp_Alimentos #359,Alimentos,GlowUp,13.52,3.6,440,477,0,0,1.4
P0360,ShineOn_Material_Escritorio #360,Material_Escritorio,ShineOn,35.77,4.8,380,733,5,0,2.09
P0361,FitGear_Pet_Shop #361,Pet_Shop,FitGear,16.01,3.7,147,907,0,0,1.12
P0362,ReadMore_Esportes #362,Esportes,ReadMore,56.84,3.9,337,105,40,0,0.96
P0363,PureBrand_Casa_Jardim #363,Casa_Jardim,PureBrand,43.06,4.4,259,606,0,0,0.84
P0364,GlowUp_Livros #364,Livros,GlowUp,7.96,4.8,342,161,40,0,5.19
P0365,FitGear_Saude #365,Saude,FitGear,32.5,1.5,470,459,0,0,0.2
P0366,WellBeing_Material_Escritorio #366,Material_Escritorio,WellBeing,17.07,2.1,38,262,0,0,3.51
P0367,HomeEssentials_Brinquedos #367,Brinquedos,HomeEssentials,31.58,2.8,90,335,0,0,1.5
P0368,ClassicCo_Brinquedos #368,Brinquedos,ClassicCo,65.77,4.5,473,519,25,0,0.61
P0369,ClassicCo_Eletronicos #369,Eletronicos,ClassicCo,244.42,4.2,109,125,0,0,1.71
P0370,PetLife_Casa_Jardim #370,Casa_Jardim,PetLife,58.76,2.5,244,871,0,0,1.51
P0371,WorkSmart_Eletronicos #371,Eletronicos,WorkSmart,258.06,5.0,188,858,40,0,0.37
P0372,AutoParts_Livros #372,Livros,AutoParts,10.15,4.3,414,257,50,0,2.89
P0373,TechPro_Alimentos #373,Alimentos,TechPro,17.43,3.6,120,802,40,0,1.23
P0374,FreshMarket_Musica #374,Musica,FreshMarket,12.66,4.2,77,652,0,0,0.46
P0375,PetLife_Saude #375,Saude,PetLife,40.25,3.6,18,918,5,0,4.68
P0376,ShineOn_Automotivo #376,Automotivo,ShineOn,69.92,4.9,155,756,5,0,1.84
P0377,FreshMarket_Joias #377,Joias,FreshMarket,76.89,5.0,449,774,50,0,1.48
P0378,DigiTools_Automotivo #378,Automotivo,DigiTools,173.18,5.0,423,509,0,0,2.84
P0379,WorkSmart_Livros #379,Livros,WorkSmart,9.36,4.2,26,490,0,0,1.03
P0380,AutoParts_Saude #380,Saude,AutoParts,43.47,3.9,488,227,0,0,2.38
P0381,PetLife_Joias #381,Joias,PetLife,70.8,4.8,182,193,0,1,2.24
P0382,PureBrand_Esportes #382,Esportes,PureBrand,76.46,5.0,67,534,0,0,0.58
P0383,PureBrand_Casa_Jardim #383,Casa_Jardim,PureBrand,30.26,3.6,47,881,0,1,0.86
P0384,PetLife_Material_Escritorio #384,Material_Escritorio,PetLife,16.5,5.0,145,500,0,0,0.63
P0385,HomeEssentials_Automotivo #385,Automotivo,HomeEssentials,49.24,3.4,173,204,50,0,4.05
P0386,GlowUp_Saude #386,Saude,GlowUp,75.01,3.4,318,586,0,0,0.23
P0387,FitGear_Casa_Jardim #387,Casa_Jardim,FitGear,111.57,4.3,54,468,0,1,1.43
P0388,ClassicCo_Esportes #388,Esportes,ClassicCo,34.25,3.2,255,247,0,0,3.94
P0389,UrbanStyle_Automotivo #389,Automotivo,UrbanStyle,43.92,2.3,55,658,0,0,0.3
P0390,GlowUp_Alimentos #390,Alimentos,GlowUp,9.37,3.6,310,341,0,0,1.07
P0391,HomeEssentials_Esportes #391,Esportes,HomeEssentials,73.11,5.0,320,848,0,0,3.37
P0392,WorkSmart_Material_Escritorio #392,Material_Escritorio,WorkSmart,22.62,2.3,343,810,0,0,0.7
P0393,PureBrand_Beleza #393,Beleza,PureBrand,24.26,4.5,221,843,0,0,1.16
P0394,TechPro_Beleza #394,Beleza,TechPro,52.06,3.8,211,923,40,1,0.81
P0395,PlayTime_Automotivo #395,Automotivo,PlayTime,93.82,3.4,136,364,0,0,0.39
P0396,HomeEssentials_Esportes #396,Esportes,HomeEssentials,32.21,3.1,463,735,0,0,0.69
P0397,ShineOn_Alimentos #397,Alimentos,ShineOn,4.2,3.9,477,121,0,0,0.53
P0398,ClassicCo_Livros #398,Livros,ClassicCo,41.59,3.6,51,726,0,0,0.21
P0399,ReadMore_Roupas #399,Roupas,ReadMore,38.63,4.3,485,489,0,0,4.25
P0400,FreshMarket_Saude #400,Saude,FreshMarket,10.57,5.0,276,350,0,0,1.56
P0401,PlayTime_Automotivo #401,Automotivo,PlayTime,92.42,4.2,306,872,0,0,0.68
P0402,HomeEssentials_Brinquedos #402,Brinquedos,HomeEssentials,10.77,3.3,337,364,5,0,0.62
P0403,PetLife_Material_Escritorio #403,Material_Escritorio,PetLife,37.76,4.1,101,289,0,0,0.66
P0404,ReadMore_Pet_Shop #404,Pet_Shop,ReadMore,45.79,3.3,470,645,0,0,0.47
P0405,PureBrand_Pet_Shop #405,Pet_Shop,PureBrand,22.16,3.4,465,538,0,0,0.68
P0406,PlayTime_Pet_Shop #406,Pet_Shop,PlayTime,14.32,3.3,204,783,0,0,0.4
P0407,FreshMarket_Joias #407,Joias,FreshMarket,114.41,4.8,183,157,0,0,2.02
P0408,SoundWave_Saude #408,Saude,SoundWave,63.98,4.7,449,991,0,0,0.16
P0409,NovaTech_Casa_Jardim #409,Casa_Jardim,NovaTech,56.88,3.9,242,743,0,0,1.22
P0410,HomeEssentials_Brinquedos #410,Brinquedos,HomeEssentials,20.66,2.6,135,336,0,1,0.41
P0411,FitGear_Saude #411,Saude,FitGear,24.03,3.1,368,606,0,0,2.49
P0412,PureBrand_Alimentos #412,Alimentos,PureBrand,10.07,3.8,8,3,0,0,0.84
P0413,TechPro_Beleza #413,Beleza,TechPro,27.69,4.7,370,739,0,0,1.43
P0414,FitGear_Alimentos #414,Alimentos,FitGear,9.36,1.4,329,50,30,0,0.54
P0415,UrbanStyle_Livros #415,Livros,UrbanStyle,9.22,4.0,229,289,0,0,3.67
P0416,NovaTech_Eletronicos #416,Eletronicos,NovaTech,456.5,4.5,275,803,0,0,0.29
P0417,DigiTools_Saude #417,Saude,DigiTools,30.97,4.4,269,676,0,0,0.51
P0418,PetLife_Musica #418,Musica,PetLife,13.79,4.4,121,533,0,0,0.37
P0419,HomeEssentials_Alimentos #419,Alimentos,HomeEssentials,13.22,4.7,486,170,5,0,0.93
P0420,HomeEssentials_Material_Escritorio #420,Material_Escritorio,HomeEssentials,22.53,3.6,250,755,0,0,1.09
P0421,TechPro_Musica #421,Musica,TechPro,17.43,4.4,247,419,0,1,0.28
P0422,FitGear_Automotivo #422,Automotivo,FitGear,45.24,2.3,304,653,40,0,0.35
P0423,UrbanStyle_Livros #423,Livros,UrbanStyle,14.93,3.4,353,841,0,0,0.33
P0424,PlayTime_Brinquedos #424,Brinquedos,PlayTime,26.88,4.1,234,994,0,0,0.23
P0425,ReadMore_Casa_Jardim #425,Casa_Jardim,ReadMore,70.45,3.6,106,511,0,0,0.5
P0426,FitGear_Brinquedos #426,Brinquedos,FitGear,28.53,3.0,205,607,15,0,5.68
P0427,AutoParts_Alimentos #427,Alimentos,AutoParts,13.17,3.3,309,899,50,0,1.15
P0428,WorkSmart_Esportes #428,Esportes,WorkSmart,29.24,4.3,123,457,0,0,0.52
P0429,ClassicCo_Pet_Shop #429,Pet_Shop,ClassicCo,89.05,3.9,89,817,0,0,0.76
P0430,UrbanStyle_Software #430,Software,UrbanStyle,62.73,4.0,74,748,0,1,0.21
P0431,PetLife_Alimentos #431,Alimentos,PetLife,17.54,4.1,183,527,0,0,0.22
P0432,PureBrand_Beleza #432,Beleza,PureBrand,40.71,4.0,390,972,0,0,0.42
P0433,NovaTech_Brinquedos #433,Brinquedos,NovaTech,23.54,5.0,224,340,0,0,0.28
P0434,StyleMax_Eletronicos #434,Eletronicos,StyleMax,121.28,4.9,153,956,5,0,2.36
P0435,TechPro_Automotivo #435,Automotivo,TechPro,71.68,4.3,335,747,0,0,6.63
P0436,HomeEssentials_Esportes #436,Esportes,HomeEssentials,30.96,3.6,395,563,25,0,2.37
P0437,WorkSmart_Alimentos #437,Alimentos,WorkSmart,5.61,4.9,40,750,0,0,0.45
P0438,AutoParts_Saude #438,Saude,AutoParts,99.34,5.0,470,275,0,0,1.01
P0439,ReadMore_Automotivo #439,Automotivo,ReadMore,120.07,2.8,50,519,0,1,1.67
P0440,SoundWave_Material_Escritorio #440,Material_Escritorio,SoundWave,21.02,3.7,361,718,30,0,1.49
P0441,WorkSmart_Pet_Shop #441,Pet_Shop,WorkSmart,25.83,3.7,26,137,0,0,4.44
P0442,HomeEssentials_Roupas #442,Roupas,HomeEssentials,60.97,3.2,150,988,10,0,0.3
P0443,EcoLiving_Software #443,Software,EcoLiving,46.86,3.4,190,319,0,0,1.16
P0444,DigiTools_Material_Escritorio #444,Material_Escritorio,DigiTools,14.64,3.5,98,746,0,0,0.95
P0445,ClassicCo_Livros #445,Livros,ClassicCo,29.5,4.7,100,478,15,0,0.71
P0446,PureBrand_Eletronicos #446,Eletronicos,PureBrand,125.82,2.9,181,867,0,0,0.21
P0447,HomeEssentials_Automotivo #447,Automotivo,HomeEssentials,143.85,4.2,384,943,50,0,0.23
P0448,FitGear_Material_Escritorio #448,Material_Escritorio,FitGear,20.13,3.2,245,110,0,0,3.63
P0449,PlayTime_Automotivo #449,Automotivo,PlayTime,90.2,5.0,412,773,0,0,2.35
P0450,NovaTech_Eletronicos #450,Eletronicos,NovaTech,166.55,4.1,404,570,0,0,0.32
P0451,WorkSmart_Livros #451,Livros,WorkSmart,8.38,4.6,122,777,0,1,0.16
P0452,NovaTech_Saude #452,Saude,NovaTech,24.01,3.9,223,897,0,0,1.03
P0453,FitGear_Software #453,Software,FitGear,57.64,2.7,307,204,0,0,0.92
P0454,PlayTime_Material_Escritorio #454,Material_Escritorio,PlayTime,12.83,3.4,138,850,50,0,0.2
P0455,ReadMore_Pet_Shop #455,Pet_Shop,ReadMore,16.14,5.0,244,155,0,1,7.81
P0456,FreshMarket_Musica #456,Musica,FreshMarket,25.57,4.3,148,315,0,0,3.46
P0457,UrbanStyle_Livros #457,Livros,UrbanStyle,18.2,5.0,100,972,0,0,0.34
P0458,PlayTime_Brinquedos #458,Brinquedos,PlayTime,12.92,5.0,36,195,0,0,3.71
P0459,ClassicCo_Software #459,Software,ClassicCo,89.35,3.5,318,287,5,0,1.26
P0460,FitGear_Saude #460,Saude,FitGear,65.37,3.0,240,773,40,0,2.06
P0461,TechPro_Livros #461,Livros,TechPro,13.06,4.7,368,655,0,0,0.43
P0462,PetLife_Livros #462,Livros,PetLife,6.31,4.6,33,823,0,0,1.86
P0463,NovaTech_Livros #463,Livros,NovaTech,7.37,3.8,418,753,0,0,9.22
P0464,GlowUp_Beleza #464,Beleza,GlowUp,22.42,2.6,478,237,20,0,3.26
P0465,EcoLiving_Eletronicos #465,Eletronicos,EcoLiving,359.8,3.6,151,522,0,0,2.09
P0466,NovaTech_Roupas #466,Roupas,NovaTech,48.14,3.9,487,59,0,0,0.16
P0467,GlowUp_Roupas #467,Roupas,GlowUp,24.25,4.4,77,74,0,0,2.35
P0468,HomeEssentials_Software #468,Software,HomeEssentials,103.12,3.2,265,784,0,1,1.58
P0469,ShineOn_Roupas #469,Roupas,ShineOn,43.66,4.6,465,335,0,1,0.44
P0470,DigiTools_Joias #470,Joias,DigiTools,133.8,4.6,215,493,0,0,0.72
P0471,AutoParts_Software #471,Software,AutoParts,42.43,4.5,465,931,0,0,0.92
P0472,ShineOn_Esportes #472,Esportes,ShineOn,19.03,4.2,101,699,0,1,1.71
P0473,FitGear_Joias #473,Joias,FitGear,37.11,2.1,142,557,0,0,0.24
P0474,PlayTime_Saude #474,Saude,PlayTime,22.9,4.1,321,551,0,0,1.05
P0475,HomeEssentials_Saude #475,Saude,HomeEssentials,40.58,3.5,28,950,0,0,4.71
P0476,WellBeing_Musica #476,Musica,WellBeing,22.22,4.3,119,363,0,0,1.71
P0477,PetLife_Beleza #477,Beleza,PetLife,75.78,2.7,354,161,25,0,0.34
P0478,UrbanStyle_Esportes #478,Esportes,UrbanStyle,49.3,2.2,66,923,30,1,1.31
P0479,TechPro_Pet_Shop #479,Pet_Shop,TechPro,23.73,4.3,182,68,0,0,1.62
P0480,EcoLiving_Material_Escritorio #480,Material_Escritorio,EcoLiving,12.26,3.1,278,851,0,0,0.13
P0481,UrbanStyle_Alimentos #481,Alimentos,UrbanStyle,18.91,2.1,379,659,0,0,1.36
P0482,EcoLiving_Joias #482,Joias,EcoLiving,185.33,3.2,260,192,0,0,1.02
P0483,SoundWave_Software #483,Software,SoundWave,36.43,3.7,35,278,0,0,0.21
P0484,DigiTools_Casa_Jardim #484,Casa_Jardim,DigiTools,56.36,4.9,295,399,0,0,6.78
P0485,ShineOn_Eletronicos #485,Eletronicos,ShineOn,237.57,4.0,229,571,0,0,1.36
P0486,FitGear_Pet_Shop #486,Pet_Shop,FitGear,16.65,3.3,197,506,0,0,0.81
P0487,WellBeing_Eletronicos #487,Eletronicos,WellBeing,82.06,3.8,166,366,0,0,0.42
P0488,GlowUp_Saude #488,Saude,GlowUp,37.48,4.4,408,546,20,0,1.12
P0489,ShineOn_Beleza #489,Beleza,ShineOn,39.88,4.2,321,249,0,0,1.52
P0490,UrbanStyle_Eletronicos #490,Eletronicos,UrbanStyle,125.15,4.6,17,1,0,0,3.78
P0491,NovaTech_Joias #491,Joias,NovaTech,89.06,5.0,354,88,0,1,0.89
P0492,SoundWave_Musica #492,Musica,SoundWave,50.4,4.0,145,340,0,0,0.26
P0493,PetLife_Saude #493,Saude,PetLife,60.63,4.6,474,552,0,0,0.92
P0494,FitGear_Saude #494,Saude,FitGear,44.94,2.1,225,111,0,1,0.92
P0495,GlowUp_Esportes #495,Esportes,GlowUp,38.15,3.9,173,53,0,0,5.16
P0496,ReadMore_Alimentos #496,Alimentos,ReadMore,16.42,2.7,61,767,50,0,1.34
P0497,DigiTools_Roupas #497,Roupas,DigiTools,19.79,3.3,64,718,0,1,1.47
P0498,AutoParts_Eletronicos #498,Eletronicos,AutoParts,189.77,3.6,370,486,0,0,0.58
P0499,PlayTime_Material_Escritorio #499,Material_Escritorio,PlayTime,15.36,3.8,480,262,0,0,1.42
P0500,PetLife_Esportes #500,Esportes,PetLife,72.6,3.5,198,624,0,0,0.43
P0501,ClassicCo_Material_Escritorio #501,Material_Escritorio,ClassicCo,6.71,3.5,285,141,15,0,1.18
P0502,FreshMarket_Material_Escritorio #502,Material_Escritorio,FreshMarket,70.02,4.5,477,10,0,0,2.21
P0503,WorkSmart_Eletronicos #503,Eletronicos,WorkSmart,160.02,4.1,466,830,40,0,0.99
P0504,FreshMarket_Software #504,Software,FreshMarket,111.84,3.9,344,764,0,0,3.01
P0505,GlowUp_Joias #505,Joias,GlowUp,129.19,4.0,415,901,20,0,4.02
P0506,AutoParts_Eletronicos #506,Eletronicos,AutoParts,234.75,3.8,258,827,50,0,3.11
P0507,StyleMax_Pet_Shop #507,Pet_Shop,StyleMax,28.12,4.6,245,126,5,0,1.06
P0508,StyleMax_Casa_Jardim #508,Casa_Jardim,StyleMax,62.24,3.9,219,57,0,0,0.39
P0509,PlayTime_Alimentos #509,Alimentos,PlayTime,9.41,5.0,44,951,50,0,0.37
P0510,EcoLiving_Alimentos #510,Alimentos,EcoLiving,14.8,4.2,303,883,0,0,1.72
P0511,WellBeing_Casa_Jardim #511,Casa_Jardim,WellBeing,54.19,4.6,149,469,15,0,1.31
P0512,AutoParts_Alimentos #512,Alimentos,AutoParts,15.76,3.5,358,565,0,0,0.94
P0513,StyleMax_Alimentos #513,Alimentos,StyleMax,14.73,4.2,349,119,0,0,0.59
P0514,StyleMax_Esportes #514,Esportes,StyleMax,40.9,4.6,161,217,5,0,1.01
P0515,PureBrand_Automotivo #515,Automotivo,PureBrand,62.15,4.2,367,369,50,0,0.25
P0516,WellBeing_Livros #516,Livros,WellBeing,17.14,3.5,86,233,50,0,0.53
P0517,ShineOn_Musica #517,Musica,ShineOn,22.21,4.7,125,549,0,0,0.82
P0518,PlayTime_Joias #518,Joias,PlayTime,70.27,5.0,341,386,0,0,2.02
P0519,EcoLiving_Livros #519,Livros,EcoLiving,9.06,2.6,320,262,0,0,2.65
P0520,EcoLiving_Brinquedos #520,Brinquedos,EcoLiving,28.38,3.4,438,235,0,0,0.14
P0521,StyleMax_Pet_Shop #521,Pet_Shop,StyleMax,29.83,3.8,51,780,0,0,0.2
P0522,WellBeing_Brinquedos #522,Brinquedos,WellBeing,26.49,3.5,351,645,0,0,2.04
P0523,WorkSmart_Alimentos #523,Alimentos,WorkSmart,11.45,3.8,106,117,0,0,1.11
P0524,UrbanStyle_Pet_Shop #524,Pet_Shop,UrbanStyle,37.18,3.0,171,757,0,0,1.87
P0525,FreshMarket_Eletronicos #525,Eletronicos,FreshMarket,122.97,4.7,61,884,0,0,0.54
P0526,FitGear_Alimentos #526,Alimentos,FitGear,7.89,3.8,156,254,0,0,0.57
P0527,SoundWave_Joias #527,Joias,SoundWave,67.58,4.2,101,417,0,0,0.48
P0528,PlayTime_Material_Escritorio #528,Material_Escritorio,PlayTime,18.87,3.6,260,109,0,0,0.07
P0529,AutoParts_Material_Escritorio #529,Material_Escritorio,AutoParts,14.56,3.2,82,976,0,0,0.33
P0530,FitGear_Saude #530,Saude,FitGear,25.75,3.3,289,721,0,0,0.34
P0531,GlowUp_Eletronicos #531,Eletronicos,GlowUp,314.68,5.0,359,447,15,0,0.4
P0532,NovaTech_Joias #532,Joias,NovaTech,86.36,3.2,199,86,0,0,0.38
P0533,DigiTools_Saude #533,Saude,DigiTools,52.27,3.7,457,16,0,0,0.4
P0534,PlayTime_Alimentos #534,Alimentos,PlayTime,12.03,2.4,64,456,10,0,0.79
P0535,SoundWave_Material_Escritorio #535,Material_Escritorio,SoundWave,14.01,4.2,483,390,30,0,1.73
P0536,WellBeing_Joias #536,Joias,WellBeing,156.56,4.7,299,430,10,0,0.06
P0537,WorkSmart_Brinquedos #537,Brinquedos,WorkSmart,20.43,2.4,195,394,30,0,0.39
P0538,ReadMore_Musica #538,Musica,ReadMore,21.32,3.2,14,951,50,0,0.41
P0539,ClassicCo_Roupas #539,Roupas,ClassicCo,64.98,3.4,429,358,0,0,0.22
P0540,TechPro_Livros #540,Livros,TechPro,13.65,3.5,471,411,25,0,3.03
P0541,HomeEssentials_Musica #541,Musica,HomeEssentials,15.86,4.2,45,752,30,0,0.33
P0542,AutoParts_Pet_Shop #542,Pet_Shop,AutoParts,16.89,3.8,132,349,0,0,1.51
P0543,WellBeing_Musica #543,Musica,WellBeing,18.96,3.8,284,585,0,0,0.45
P0544,PetLife_Casa_Jardim #544,Casa_Jardim,PetLife,40.89,2.7,167,731,0,0,3.54
P0545,UrbanStyle_Software #545,Software,UrbanStyle,43.51,3.8,302,905,20,0,0.43
P0546,PureBrand_Esportes #546,Esportes,PureBrand,41.75,4.6,294,31,0,0,0.4
P0547,DigiTools_Automotivo #547,Automotivo,DigiTools,60.14,4.1,205,625,0,0,0.83
P0548,PureBrand_Roupas #548,Roupas,PureBrand,51.28,2.4,364,530,0,0,4.47
P0549,WellBeing_Eletronicos #549,Eletronicos,WellBeing,353.24,5.0,11,584,10,0,1.63
P0550,ClassicCo_Beleza #550,Beleza,ClassicCo,44.18,4.9,315,983,0,0,0.51
P0551,StyleMax_Automotivo #551,Automotivo,StyleMax,30.22,4.3,165,271,0,0,1.19
P0552,PetLife_Esportes #552,Esportes,PetLife,50.92,4.7,110,820,30,0,0.56
P0553,TechPro_Joias #553,Joias,TechPro,272.31,4.4,2,661,0,0,4.39
P0554,EcoLiving_Livros #554,Livros,EcoLiving,15.67,4.3,14,416,0,0,2.17
P0555,SoundWave_Software #555,Software,SoundWave,42.29,3.3,404,701,5,0,0.96
P0556,WorkSmart_Pet_Shop #556,Pet_Shop,WorkSmart,47.28,4.4,420,781,0,0,1.2
P0557,WorkSmart_Material_Escritorio #557,Material_Escritorio,WorkSmart,19.71,2.0,499,44,0,0,0.53
P0558,PureBrand_Beleza #558,Beleza,PureBrand,53.77,3.9,437,552,50,0,1.0
P0559,WorkSmart_Beleza #559,Beleza,WorkSmart,27.54,4.5,103,51,0,0,1.78
P0560,PureBrand_Roupas #560,Roupas,PureBrand,55.3,5.0,103,29,15,1,2.42
P0561,FreshMarket_Brinquedos #561,Brinquedos,FreshMarket,18.16,4.1,385,209,0,0,0.65
P0562,NovaTech_Casa_Jardim #562,Casa_Jardim,NovaTech,98.63,5.0,237,200,0,0,0.12
P0563,ReadMore_Material_Escritorio #563,Material_Escritorio,ReadMore,19.48,3.8,445,583,0,0,2.0
P0564,HomeEssentials_Roupas #564,Roupas,HomeEssentials,47.95,4.3,21,828,0,0,0.53
P0565,PetLife_Joias #565,Joias,PetLife,143.41,4.6,144,635,0,0,2.32
P0566,NovaTech_Eletronicos #566,Eletronicos,NovaTech,251.42,2.1,101,843,20,0,0.22
P0567,FreshMarket_Software #567,Software,FreshMarket,45.86,4.4,324,356,0,0,1.38
P0568,FreshMarket_Software #568,Software,FreshMarket,24.94,3.9,367,904,0,0,0.81
P0569,StyleMax_Livros #569,Livros,StyleMax,14.18,4.0,124,244,0,0,0.64
P0570,PetLife_Joias #570,Joias,PetLife,75.19,4.7,414,738,0,0,4.27
P0571,NovaTech_Livros #571,Livros,NovaTech,15.11,3.4,33,164,0,0,0.48
P0572,PlayTime_Alimentos #572,Alimentos,PlayTime,10.79,3.8,4,580,30,0,3.89
P0573,AutoParts_Joias #573,Joias,AutoParts,168.25,4.1,288,301,0,0,8.78
P0574,PlayTime_Livros #574,Livros,PlayTime,19.59,4.1,475,614,0,0,0.28
P0575,FitGear_Brinquedos #575,Brinquedos,FitGear,20.99,2.1,145,453,0,0,0.4
P0576,ReadMore_Beleza #576,Beleza,ReadMore,42.41,4.3,293,111,0,0,0.85
P0577,DigiTools_Esportes #577,Esportes,DigiTools,102.61,4.6,431,599,0,0,0.8
P0578,WellBeing_Brinquedos #578,Brinquedos,WellBeing,18.17,2.8,50,744,0,0,3.02
P0579,UrbanStyle_Roupas #579,Roupas,UrbanStyle,40.12,3.2,479,870,20,0,3.01
P0580,FitGear_Alimentos #580,Alimentos,FitGear,8.55,4.7,310,911,20,0,0.61
P0581,GlowUp_Casa_Jardim #581,Casa_Jardim,GlowUp,72.03,3.2,88,634,0,0,0.46
P0582,SoundWave_Esportes #582,Esportes,SoundWave,141.74,5.0,254,643,0,0,0.72
P0583,NovaTech_Esportes #583,Esportes,NovaTech,90.3,3.3,75,546,0,0,1.24
P0584,HomeEssentials_Alimentos #584,Alimentos,HomeEssentials,10.23,4.6,15,933,25,0,0.32
P0585,PetLife_Eletronicos #585,Eletronicos,PetLife,275.42,3.2,100,345,0,0,0.28
P0586,HomeEssentials_Eletronicos #586,Eletronicos,HomeEssentials,370.45,4.7,431,498,0,0,0.47
P0587,GlowUp_Software #587,Software,GlowUp,22.16,4.0,232,431,0,0,0.63
P0588,TechPro_Software #588,Software,TechPro,30.36,4.0,171,329,0,0,0.69
P0589,DigiTools_Material_Escritorio #589,Material_Escritorio,DigiTools,31.86,3.0,159,644,0,0,0.13
P0590,SoundWave_Roupas #590,Roupas,SoundWave,21.55,3.8,463,59,0,0,0.65
P0591,ShineOn_Joias #591,Joias,ShineOn,93.29,3.4,320,637,0,1,0.27
P0592,NovaTech_Joias #592,Joias,NovaTech,129.37,3.3,488,836,0,0,1.07
P0593,NovaTech_Brinquedos #593,Brinquedos,NovaTech,29.36,4.9,232,211,0,0,0.28
P0594,WellBeing_Roupas #594,Roupas,WellBeing,42.93,5.0,372,239,50,0,1.38
P0595,ClassicCo_Software #595,Software,ClassicCo,99.46,3.4,10,809,0,0,0.84
P0596,StyleMax_Musica #596,Musica,StyleMax,27.32,4.1,340,295,30,0,4.14
P0597,ShineOn_Brinquedos #597,Brinquedos,ShineOn,75.32,4.8,374,829,0,0,1.33
P0598,EcoLiving_Brinquedos #598,Brinquedos,EcoLiving,14.28,3.3,439,627,0,0,0.82
P0599,ShineOn_Beleza #599,Beleza,ShineOn,23.06,3.1,176,981,0,0,0.95
P0600,FreshMarket_Material_Escritorio #600,Material_Escritorio,FreshMarket,19.35,3.8,279,477,10,0,1.05
P0601,FitGear_Saude #601,Saude,FitGear,67.1,4.0,331,894,50,0,0.55
P0602,TechPro_Alimentos #602,Alimentos,TechPro,17.39,1.8,367,922,0,0,0.77
P0603,DigiTools_Material_Escritorio #603,Material_Escritorio,DigiTools,16.33,4.0,420,101,15,0,0.6
P0604,TechPro_Material_Escritorio #604,Material_Escritorio,TechPro,12.26,4.4,171,216,0,0,0.7
P0605,UrbanStyle_Esportes #605,Esportes,UrbanStyle,29.01,4.2,54,434,50,0,0.63
P0606,NovaTech_Automotivo #606,Automotivo,NovaTech,191.29,3.8,480,272,50,0,0.69
P0607,PureBrand_Eletronicos #607,Eletronicos,PureBrand,197.64,2.8,297,57,40,0,0.95
P0608,GlowUp_Beleza #608,Beleza,GlowUp,33.14,4.2,82,971,0,0,1.73
P0609,FitGear_Roupas #609,Roupas,FitGear,27.37,3.2,466,768,0,0,2.49
P0610,DigiTools_Esportes #610,Esportes,DigiTools,50.79,3.7,492,350,0,0,0.53
P0611,PetLife_Livros #611,Livros,PetLife,9.77,3.8,67,872,0,0,0.24
P0612,FitGear_Eletronicos #612,Eletronicos,FitGear,213.61,4.6,459,932,0,1,2.18
P0613,PureBrand_Roupas #613,Roupas,PureBrand,38.11,4.6,303,489,0,0,8.62
P0614,AutoParts_Joias #614,Joias,AutoParts,62.97,4.2,88,133,5,0,1.68
P0615,DigiTools_Alimentos #615,Alimentos,DigiTools,21.84,3.8,108,185,50,0,0.71
P0616,GlowUp_Saude #616,Saude,GlowUp,66.36,4.6,98,826,5,0,1.24
P0617,PlayTime_Beleza #617,Beleza,PlayTime,38.44,3.1,213,459,0,0,1.16
P0618,PureBrand_Eletronicos #618,Eletronicos,PureBrand,81.51,3.5,401,508,0,0,0.96
P0619,TechPro_Saude #619,Saude,TechPro,20.64,5.0,365,131,25,0,0.4
P0620,WorkSmart_Brinquedos #620,Brinquedos,WorkSmart,15.05,5.0,219,33,0,0,2.67
P0621,PureBrand_Alimentos #621,Alimentos,PureBrand,30.73,2.4,420,90,0,1,0.45
P0622,PureBrand_Roupas #622,Roupas,PureBrand,76.44,3.6,483,702,0,0,2.6
P0623,ShineOn_Livros #623,Livros,ShineOn,29.59,4.5,462,122,0,0,1.71
P0624,StyleMax_Material_Escritorio #624,Material_Escritorio,StyleMax,13.76,4.1,117,840,0,1,4.1
P0625,UrbanStyle_Brinquedos #625,Brinquedos,UrbanStyle,11.61,3.7,401,101,0,0,2.04
P0626,FitGear_Automotivo #626,Automotivo,FitGear,133.0,3.0,87,182,0,0,0.1
P0627,StyleMax_Saude #627,Saude,StyleMax,11.26,3.4,434,892,25,0,0.24
P0628,ShineOn_Alimentos #628,Alimentos,ShineOn,12.5,3.1,149,531,0,0,1.06
P0629,PetLife_Alimentos #629,Alimentos,PetLife,16.23,4.9,45,30,0,1,5.31
P0630,GlowUp_Alimentos #630,Alimentos,GlowUp,6.85,3.2,1,193,0,0,0.67
P0631,NovaTech_Brinquedos #631,Brinquedos,NovaTech,53.18,4.1,350,282,0,0,0.25
P0632,ShineOn_Automotivo #632,Automotivo,ShineOn,69.38,4.3,129,268,0,0,2.2
P0633,ShineOn_Beleza #633,Beleza,ShineOn,35.32,3.7,348,205,0,0,5.09
P0634,ReadMore_Brinquedos #634,Brinquedos,ReadMore,32.63,3.8,172,346,0,0,0.45
P0635,FreshMarket_Saude #635,Saude,FreshMarket,38.48,2.8,43,445,0,0,0.58
P0636,PetLife_Musica #636,Musica,PetLife,13.59,3.5,186,88,10,0,5.1
P0637,GlowUp_Saude #637,Saude,GlowUp,23.33,3.5,168,255,0,0,0.28
P0638,PetLife_Material_Escritorio #638,Material_Escritorio,PetLife,24.2,3.3,214,983,0,0,0.34
P0639,StyleMax_Automotivo #639,Automotivo,StyleMax,109.48,5.0,176,250,0,0,0.34
P0640,SoundWave_Roupas #640,Roupas,SoundWave,73.38,5.0,193,160,0,0,1.18
P0641,TechPro_Material_Escritorio #641,Material_Escritorio,TechPro,18.57,4.6,323,892,0,0,0.75
P0642,EcoLiving_Automotivo #642,Automotivo,EcoLiving,83.25,5.0,197,81,0,0,0.54
P0643,PlayTime_Beleza #643,Beleza,PlayTime,19.3,3.3,271,661,30,0,2.39
P0644,NovaTech_Saude #644,Saude,NovaTech,58.36,3.8,117,61,0,0,2.26
P0645,PetLife_Pet_Shop #645,Pet_Shop,PetLife,16.37,3.1,468,296,20,0,4.23
P0646,FreshMarket_Software #646,Software,FreshMarket,67.14,4.1,481,679,0,1,1.05
P0647,ClassicCo_Musica #647,Musica,ClassicCo,29.88,3.1,71,321,0,0,2.15
P0648,ShineOn_Brinquedos #648,Brinquedos,ShineOn,41.16,3.0,425,620,0,0,0.32
P0649,PureBrand_Roupas #649,Roupas,PureBrand,22.78,1.6,296,369,0,0,2.05
P0650,HomeEssentials_Casa_Jardim #650,Casa_Jardim,HomeEssentials,27.72,4.2,402,343,0,0,2.15
P0651,StyleMax_Musica #651,Musica,StyleMax,11.37,4.7,66,395,0,1,0.45
P0652,PureBrand_Esportes #652,Esportes,PureBrand,29.46,4.7,346,49,0,0,1.82
P0653,GlowUp_Livros #653,Livros,GlowUp,43.12,4.4,429,187,0,0,1.27
P0654,DigiTools_Material_Escritorio #654,Material_Escritorio,DigiTools,24.07,4.5,176,600,0,0,1.58
P0655,TechPro_Casa_Jardim #655,Casa_Jardim,TechPro,31.87,3.6,190,349,0,0,2.57
P0656,HomeEssentials_Roupas #656,Roupas,HomeEssentials,27.36,2.5,488,968,0,0,1.19
P0657,PlayTime_Saude #657,Saude,PlayTime,76.55,3.1,139,874,0,0,3.18
P0658,UrbanStyle_Roupas #658,Roupas,UrbanStyle,85.97,3.8,402,738,0,0,0.33
P0659,SoundWave_Brinquedos #659,Brinquedos,SoundWave,12.89,2.1,141,719,10,0,0.42
P0660,StyleMax_Automotivo #660,Automotivo,StyleMax,117.86,4.5,241,798,0,0,0.85
P0661,WorkSmart_Software #661,Software,WorkSmart,42.72,4.1,59,38,0,0,0.46
P0662,PlayTime_Esportes #662,Esportes,PlayTime,45.16,4.2,448,205,0,0,1.29
P0663,UrbanStyle_Brinquedos #663,Brinquedos,UrbanStyle,12.7,4.5,104,809,0,0,0.71
P0664,StyleMax_Alimentos #664,Alimentos,StyleMax,9.85,2.4,350,920,0,0,0.74
P0665,StyleMax_Automotivo #665,Automotivo,StyleMax,47.66,3.2,192,406,0,0,0.72
P0666,PlayTime_Livros #666,Livros,PlayTime,28.24,2.9,80,534,0,0,1.27
P0667,ShineOn_Casa_Jardim #667,Casa_Jardim,ShineOn,36.97,3.3,17,724,25,0,0.99
P0668,EcoLiving_Saude #668,Saude,EcoLiving,62.47,3.4,67,444,50,0,1.44
P0669,PureBrand_Brinquedos #669,Brinquedos,PureBrand,20.59,2.1,253,393,0,0,0.68
P0670,UrbanStyle_Alimentos #670,Alimentos,UrbanStyle,4.59,4.4,93,993,30,0,0.16
P0671,ReadMore_Saude #671,Saude,ReadMore,25.15,4.9,92,775,0,0,2.09
P0672,FreshMarket_Brinquedos #672,Brinquedos,FreshMarket,13.23,3.2,476,932,30,0,0.46
P0673,PureBrand_Roupas #673,Roupas,PureBrand,55.87,3.5,275,663,10,0,1.32
P0674,PetLife_Beleza #674,Beleza,PetLife,16.25,4.5,33,85,15,0,1.0
P0675,EcoLiving_Material_Escritorio #675,Material_Escritorio,EcoLiving,15.5,3.7,68,672,0,0,9.12
P0676,DigiTools_Automotivo #676,Automotivo,DigiTools,91.03,4.4,262,375,5,0,0.07
P0677,PlayTime_Software #677,Software,PlayTime,26.52,3.0,128,881,0,0,0.52
P0678,AutoParts_Esportes #678,Esportes,AutoParts,96.75,4.5,109,918,0,0,1.45
P0679,WorkSmart_Esportes #679,Esportes,WorkSmart,53.42,4.3,395,825,10,0,0.2
P0680,NovaTech_Pet_Shop #680,Pet_Shop,NovaTech,25.2,3.4,233,541,0,0,0.95
P0681,HomeEssentials_Automotivo #681,Automotivo,HomeEssentials,36.33,3.8,497,492,0,0,0.19
P0682,ReadMore_Casa_Jardim #682,Casa_Jardim,ReadMore,44.6,2.1,336,307,5,1,0.99
P0683,SoundWave_Automotivo #683,Automotivo,SoundWave,67.14,3.8,174,661,0,0,1.03
P0684,ShineOn_Joias #684,Joias,ShineOn,46.84,3.8,404,618,0,0,2.03
P0685,PetLife_Joias #685,Joias,PetLife,133.18,3.7,236,378,0,0,1.31
P0686,WellBeing_Material_Escritorio #686,Material_Escritorio,WellBeing,19.5,3.1,371,958,0,0,0.38
P0687,ReadMore_Casa_Jardim #687,Casa_Jardim,ReadMore,37.29,4.9,220,659,10,0,1.05
P0688,FitGear_Alimentos #688,Alimentos,FitGear,9.67,4.8,0,277,0,0,1.37
P0689,WellBeing_Saude #689,Saude,WellBeing,34.07,3.8,179,266,0,0,0.4
P0690,StyleMax_Pet_Shop #690,Pet_Shop,StyleMax,64.65,4.3,105,144,0,0,2.63
P0691,PureBrand_Material_Escritorio #691,Material_Escritorio,PureBrand,23.3,2.3,129,572,0,0,1.75
P0692,PureBrand_Casa_Jardim #692,Casa_Jardim,PureBrand,38.15,2.9,195,426,0,0,0.2
P0693,PureBrand_Material_Escritorio #693,Material_Escritorio,PureBrand,13.66,3.4,321,814,5,0,1.02
P0694,SoundWave_Roupas #694,Roupas,SoundWave,34.98,3.0,411,94,0,0,0.35
P0695,EcoLiving_Automotivo #695,Automotivo,EcoLiving,101.58,4.8,117,504,0,0,0.14
P0696,FitGear_Pet_Shop #696,Pet_Shop,FitGear,28.96,3.3,296,98,0,0,0.56
P0697,HomeEssentials_Pet_Shop #697,Pet_Shop,HomeEssentials,30.12,2.8,224,682,0,1,0.68
P0698,SoundWave_Alimentos #698,Alimentos,SoundWave,10.86,5.0,29,565,0,0,8.33
P0699,FreshMarket_Saude #699,Saude,FreshMarket,15.27,5.0,197,287,0,0,0.58
P0700,NovaTech_Roupas #700,Roupas,NovaTech,56.02,4.6,359,991,0,1,1.03
P0701,ShineOn_Eletronicos #701,Eletronicos,ShineOn,128.89,2.4,373,819,0,0,1.34
P0702,FitGear_Casa_Jardim #702,Casa_Jardim,FitGear,74.59,5.0,384,195,0,0,0.69
P0703,ReadMore_Alimentos #703,Alimentos,ReadMore,6.15,5.0,408,472,0,0,1.3
P0704,FitGear_Musica #704,Musica,FitGear,16.97,2.4,261,688,0,1,0.48
P0705,ClassicCo_Saude #705,Saude,ClassicCo,48.08,2.0,10,396,20,0,0.33
P0706,ClassicCo_Alimentos #706,Alimentos,ClassicCo,30.78,3.4,184,466,0,0,0.55
P0707,SoundWave_Eletronicos #707,Eletronicos,SoundWave,145.48,4.3,283,30,0,1,0.27
P0708,ShineOn_Livros #708,Livros,ShineOn,29.54,4.9,130,484,0,0,1.79
P0709,GlowUp_Esportes #709,Esportes,GlowUp,79.89,2.5,57,99,0,1,0.91
P0710,GlowUp_Roupas #710,Roupas,GlowUp,35.89,5.0,184,840,0,0,0.6
P0711,ClassicCo_Roupas #711,Roupas,ClassicCo,43.25,2.5,44,124,0,0,1.74
P0712,AutoParts_Alimentos #712,Alimentos,AutoParts,8.74,4.5,402,63,0,0,0.53
P0713,SoundWave_Esportes #713,Esportes,SoundWave,33.26,3.8,169,485,0,0,0.05
P0714,PureBrand_Beleza #714,Beleza,PureBrand,13.9,4.8,298,401,0,1,0.57
P0715,UrbanStyle_Pet_Shop #715,Pet_Shop,UrbanStyle,14.6,4.1,35,77,0,0,2.06
P0716,SoundWave_Esportes #716,Esportes,SoundWave,13.49,3.7,235,580,0,0,2.63
P0717,ShineOn_Pet_Shop #717,Pet_Shop,ShineOn,25.72,4.3,464,620,10,0,0.28
P0718,DigiTools_Musica #718,Musica,DigiTools,36.95,3.2,125,597,0,0,0.53
P0719,PureBrand_Saude #719,Saude,PureBrand,38.26,3.7,346,156,0,1,1.99
P0720,SoundWave_Saude #720,Saude,SoundWave,34.76,2.7,177,32,40,1,0.22
P0721,ClassicCo_Casa_Jardim #721,Casa_Jardim,ClassicCo,42.91,4.4,322,622,50,0,0.7
P0722,NovaTech_Eletronicos #722,Eletronicos,NovaTech,503.13,4.9,491,963,0,0,1.31
P0723,NovaTech_Saude #723,Saude,NovaTech,57.31,4.4,84,512,0,0,3.9
P0724,SoundWave_Material_Escritorio #724,Material_Escritorio,SoundWave,10.32,4.0,62,744,30,0,0.6
P0725,NovaTech_Saude #725,Saude,NovaTech,97.12,3.8,425,284,30,0,0.23
P0726,AutoParts_Automotivo #726,Automotivo,AutoParts,168.0,5.0,254,80,0,0,0.44
P0727,ShineOn_Eletronicos #727,Eletronicos,ShineOn,115.78,4.0,130,464,0,1,10.48
P0728,DigiTools_Material_Escritorio #728,Material_Escritorio,DigiTools,29.01,2.5,288,64,0,0,1.31
P0729,ClassicCo_Material_Escritorio #729,Material_Escritorio,ClassicCo,17.88,4.3,131,460,0,0,3.24
P0730,ReadMore_Automotivo #730,Automotivo,ReadMore,29.33,3.8,223,328,0,0,0.95
P0731,FreshMarket_Alimentos #731,Alimentos,FreshMarket,7.46,5.0,445,132,0,1,0.43
P0732,EcoLiving_Alimentos #732,Alimentos,EcoLiving,17.24,3.8,178,925,0,0,0.33
P0733,StyleMax_Automotivo #733,Automotivo,StyleMax,107.92,2.9,312,463,0,0,0.6
P0734,WorkSmart_Automotivo #734,Automotivo,WorkSmart,312.37,5.0,460,643,0,0,1.97
P0735,AutoParts_Saude #735,Saude,AutoParts,37.65,4.0,333,641,0,0,0.26
P0736,WorkSmart_Esportes #736,Esportes,WorkSmart,19.87,3.3,199,883,0,0,1.97
P0737,HomeEssentials_Eletronicos #737,Eletronicos,HomeEssentials,120.15,5.0,486,693,20,0,0.3
P0738,ShineOn_Alimentos #738,Alimentos,ShineOn,9.4,3.8,222,279,15,0,0.71
P0739,FitGear_Livros #739,Livros,FitGear,12.66,3.4,199,892,50,0,0.9
P0740,HomeEssentials_Casa_Jardim #740,Casa_Jardim,HomeEssentials,49.7,4.6,314,829,0,0,1.75
P0741,PetLife_Joias #741,Joias,PetLife,103.11,4.8,137,722,0,1,0.71
P0742,StyleMax_Material_Escritorio #742,Material_Escritorio,StyleMax,41.18,4.5,244,154,0,0,1.61
P0743,GlowUp_Alimentos #743,Alimentos,GlowUp,14.23,4.9,133,533,5,0,0.7
P0744,ClassicCo_Esportes #744,Esportes,ClassicCo,18.55,2.3,30,980,10,0,1.41
P0745,TechPro_Joias #745,Joias,TechPro,105.02,4.7,99,299,0,1,0.93
P0746,StyleMax_Joias #746,Joias,StyleMax,35.46,3.9,343,897,0,0,1.16
P0747,GlowUp_Livros #747,Livros,GlowUp,10.47,3.9,418,466,0,1,1.14
P0748,FitGear_Alimentos #748,Alimentos,FitGear,27.8,3.4,100,522,0,0,0.86
P0749,PetLife_Software #749,Software,PetLife,17.46,3.5,144,975,0,0,3.06
P0750,FitGear_Material_Escritorio #750,Material_Escritorio,FitGear,51.38,3.8,77,288,0,0,1.73
P0751,AutoParts_Brinquedos #751,Brinquedos,AutoParts,31.32,3.9,58,944,0,0,1.13
P0752,StyleMax_Pet_Shop #752,Pet_Shop,StyleMax,28.37,2.0,96,810,0,0,0.55
P0753,PlayTime_Alimentos #753,Alimentos,PlayTime,5.87,4.4,387,737,0,0,10.71
P0754,GlowUp_Eletronicos #754,Eletronicos,GlowUp,199.82,4.8,380,48,0,0,4.45
P0755,DigiTools_Esportes #755,Esportes,DigiTools,37.35,4.2,481,33,0,0,0.35
P0756,HomeEssentials_Joias #756,Joias,HomeEssentials,55.83,4.5,10,332,0,0,1.75
P0757,GlowUp_Pet_Shop #757,Pet_Shop,GlowUp,22.45,4.6,383,64,0,0,3.33
P0758,EcoLiving_Joias #758,Joias,EcoLiving,279.58,4.2,292,337,0,0,1.57
P0759,DigiTools_Saude #759,Saude,DigiTools,49.62,5.0,166,975,10,0,0.95
P0760,PlayTime_Beleza #760,Beleza,PlayTime,25.7,3.8,83,790,0,0,0.52
P0761,FitGear_Joias #761,Joias,FitGear,103.76,4.8,86,810,50,1,1.54
P0762,NovaTech_Brinquedos #762,Brinquedos,NovaTech,19.29,3.1,254,594,0,0,0.39
P0763,StyleMax_Brinquedos #763,Brinquedos,StyleMax,34.05,3.7,393,488,0,1,0.66
P0764,ClassicCo_Pet_Shop #764,Pet_Shop,ClassicCo,12.94,4.7,66,396,0,0,0.57
P0765,FreshMarket_Joias #765,Joias,FreshMarket,132.15,3.9,331,400,0,0,1.61
P0766,GlowUp_Pet_Shop #766,Pet_Shop,GlowUp,11.14,3.4,79,413,0,0,3.76
P0767,ClassicCo_Brinquedos #767,Brinquedos,ClassicCo,20.74,4.1,98,182,0,0,0.59
P0768,NovaTech_Saude #768,Saude,NovaTech,58.34,4.0,13,48,50,0,0.66
P0769,DigiTools_Esportes #769,Esportes,DigiTools,118.74,3.3,473,518,0,0,3.5
P0770,StyleMax_Beleza #770,Beleza,StyleMax,9.33,3.5,152,519,50,1,0.56
P0771,DigiTools_Software #771,Software,DigiTools,26.47,4.0,296,650,0,0,0.06
P0772,ClassicCo_Software #772,Software,ClassicCo,48.35,1.9,75,187,0,1,6.15
P0773,StyleMax_Esportes #773,Esportes,StyleMax,68.97,4.0,295,128,0,0,2.63
P0774,NovaTech_Esportes #774,Esportes,NovaTech,35.47,3.1,349,951,0,0,2.15
P0775,ReadMore_Casa_Jardim #775,Casa_Jardim,ReadMore,57.03,3.8,198,473,15,0,1.4
P0776,WellBeing_Beleza #776,Beleza,WellBeing,29.44,2.8,289,277,0,0,0.89
P0777,SoundWave_Material_Escritorio #777,Material_Escritorio,SoundWave,18.65,3.5,102,355,0,0,0.15
P0778,PlayTime_Joias #778,Joias,PlayTime,86.19,5.0,220,57,0,0,0.77
P0779,SoundWave_Pet_Shop #779,Pet_Shop,SoundWave,24.78,3.0,291,888,20,0,0.76
P0780,FreshMarket_Automotivo #780,Automotivo,FreshMarket,178.37,3.5,43,802,0,0,0.84
P0781,WorkSmart_Casa_Jardim #781,Casa_Jardim,WorkSmart,53.46,3.7,210,711,25,1,1.71
P0782,StyleMax_Casa_Jardim #782,Casa_Jardim,StyleMax,111.88,2.3,191,793,40,0,4.34
P0783,NovaTech_Joias #783,Joias,NovaTech,87.15,2.6,81,903,0,0,0.89
P0784,FitGear_Pet_Shop #784,Pet_Shop,FitGear,17.44,4.2,45,648,0,0,0.78
P0785,PureBrand_Software #785,Software,PureBrand,43.44,3.3,9,357,0,0,4.32
P0786,GlowUp_Esportes #786,Esportes,GlowUp,21.0,5.0,181,95,0,0,0.43
P0787,ReadMore_Alimentos #787,Alimentos,ReadMore,6.91,3.0,442,162,15,0,0.93
P0788,FreshMarket_Saude #788,Saude,FreshMarket,24.12,5.0,359,444,0,0,0.99
P0789,FitGear_Software #789,Software,FitGear,53.16,2.6,465,830,50,0,0.43
P0790,EcoLiving_Eletronicos #790,Eletronicos,EcoLiving,452.95,3.9,255,337,0,1,0.68
P0791,PureBrand_Casa_Jardim #791,Casa_Jardim,PureBrand,50.01,3.3,50,423,0,0,0.69
P0792,ShineOn_Musica #792,Musica,ShineOn,10.66,4.4,247,946,0,0,2.08
P0793,UrbanStyle_Material_Escritorio #793,Material_Escritorio,UrbanStyle,30.41,3.3,146,573,5,0,0.72
P0794,ClassicCo_Esportes #794,Esportes,ClassicCo,54.8,3.6,309,886,10,0,0.74
P0795,FitGear_Musica #795,Musica,FitGear,32.14,3.7,362,721,0,0,1.54
P0796,PureBrand_Esportes #796,Esportes,PureBrand,81.28,5.0,472,517,0,0,0.59
P0797,ClassicCo_Brinquedos #797,Brinquedos,ClassicCo,33.13,4.9,323,621,0,0,0.39
P0798,NovaTech_Musica #798,Musica,NovaTech,21.5,3.4,300,729,0,0,13.64
P0799,ShineOn_Joias #799,Joias,ShineOn,146.47,3.2,198,802,0,0,0.91
P0800,NovaTech_Joias #800,Joias,NovaTech,141.31,3.3,97,703,0,0,1.21
P0801,PetLife_Automotivo #801,Automotivo,PetLife,128.43,3.1,161,176,5,0,0.74
P0802,DigiTools_Pet_Shop #802,Pet_Shop,DigiTools,39.72,4.6,288,248,0,0,0.21
P0803,DigiTools_Livros #803,Livros,DigiTools,14.49,3.2,493,87,0,0,0.57
P0804,ClassicCo_Livros #804,Livros,ClassicCo,10.01,4.8,301,286,0,0,0.32
P0805,FitGear_Musica #805,Musica,FitGear,18.25,4.7,55,337,0,0,1.66
P0806,TechPro_Pet_Shop #806,Pet_Shop,TechPro,20.43,3.7,57,126,25,0,1.46
P0807,WorkSmart_Beleza #807,Beleza,WorkSmart,18.88,2.6,410,526,0,0,1.72
P0808,UrbanStyle_Casa_Jardim #808,Casa_Jardim,UrbanStyle,133.37,4.6,420,935,0,0,0.36
P0809,WorkSmart_Eletronicos #809,Eletronicos,WorkSmart,198.87,3.0,192,755,0,0,0.13
P0810,FreshMarket_Material_Escritorio #810,Material_Escritorio,FreshMarket,11.83,3.8,149,864,25,0,0.1
P0811,FreshMarket_Livros #811,Livros,FreshMarket,29.3,5.0,6,790,0,0,1.43
P0812,ShineOn_Material_Escritorio #812,Material_Escritorio,ShineOn,21.18,1.9,401,865,0,0,0.65
P0813,StyleMax_Pet_Shop #813,Pet_Shop,StyleMax,41.11,3.6,399,568,0,0,0.27
P0814,UrbanStyle_Brinquedos #814,Brinquedos,UrbanStyle,20.79,3.3,324,482,0,0,1.66
P0815,WorkSmart_Saude #815,Saude,WorkSmart,47.12,3.4,487,773,0,0,2.29
P0816,SoundWave_Musica #816,Musica,SoundWave,24.78,2.7,95,597,0,0,0.9
P0817,HomeEssentials_Saude #817,Saude,HomeEssentials,36.88,5.0,414,572,0,0,0.54
P0818,NovaTech_Musica #818,Musica,NovaTech,13.15,3.9,484,848,0,0,0.77
P0819,ShineOn_Roupas #819,Roupas,ShineOn,54.98,2.4,310,243,20,0,3.09
P0820,ReadMore_Saude #820,Saude,ReadMore,47.24,4.1,328,71,0,0,2.76
P0821,NovaTech_Pet_Shop #821,Pet_Shop,NovaTech,13.71,4.7,372,747,10,0,0.76
P0822,PetLife_Saude #822,Saude,PetLife,117.45,3.9,175,703,0,0,1.1
P0823,DigiTools_Automotivo #823,Automotivo,DigiTools,180.65,5.0,139,596,0,1,50.0
P0824,EcoLiving_Automotivo #824,Automotivo,EcoLiving,86.07,2.3,328,166,0,0,7.95
P0825,WorkSmart_Roupas #825,Roupas,WorkSmart,68.94,4.9,138,567,0,0,1.01
P0826,PlayTime_Alimentos #826,Alimentos,PlayTime,11.9,3.6,382,488,25,0,4.02
P0827,AutoParts_Brinquedos #827,Brinquedos,AutoParts,18.22,3.1,429,809,0,1,1.41
P0828,UrbanStyle_Joias #828,Joias,UrbanStyle,144.76,4.6,258,249,0,0,4.24
P0829,ShineOn_Esportes #829,Esportes,ShineOn,33.25,4.4,295,38,0,0,0.47
P0830,StyleMax_Brinquedos #830,Brinquedos,StyleMax,30.09,5.0,46,676,40,0,2.02
P0831,NovaTech_Saude #831,Saude,NovaTech,25.17,5.0,223,231,0,0,2.68
P0832,WorkSmart_Casa_Jardim #832,Casa_Jardim,WorkSmart,39.46,3.9,497,357,0,0,0.95
P0833,PureBrand_Brinquedos #833,Brinquedos,PureBrand,26.9,2.5,315,685,0,0,0.63
P0834,TechPro_Material_Escritorio #834,Material_Escritorio,TechPro,33.69,2.3,38,353,0,0,1.21
P0835,DigiTools_Saude #835,Saude,DigiTools,39.89,2.4,190,218,0,0,0.25
P0836,TechPro_Musica #836,Musica,TechPro,18.58,3.4,351,26,0,0,0.65
P0837,WorkSmart_Musica #837,Musica,WorkSmart,7.34,4.0,450,192,0,0,0.56
P0838,EcoLiving_Eletronicos #838,Eletronicos,EcoLiving,180.95,4.4,365,10,0,0,2.28
P0839,FitGear_Brinquedos #839,Brinquedos,FitGear,12.35,4.3,145,951,0,0,1.62
P0840,StyleMax_Software #840,Software,StyleMax,51.47,3.3,124,314,5,0,1.85
P0841,ReadMore_Musica #841,Musica,ReadMore,17.95,4.9,80,931,0,0,3.14
P0842,FitGear_Automotivo #842,Automotivo,FitGear,77.71,5.0,350,375,15,0,0.32
P0843,TechPro_Beleza #843,Beleza,TechPro,29.54,3.0,90,469,0,0,4.88
P0844,PureBrand_Saude #844,Saude,PureBrand,44.99,3.7,326,121,25,0,2.42
P0845,FreshMarket_Esportes #845,Esportes,FreshMarket,66.37,4.5,462,103,40,0,0.25
P0846,ShineOn_Automotivo #846,Automotivo,ShineOn,94.73,5.0,333,234,15,0,2.11
P0847,StyleMax_Casa_Jardim #847,Casa_Jardim,StyleMax,97.42,4.5,153,785,40,0,1.71
P0848,ClassicCo_Casa_Jardim #848,Casa_Jardim,ClassicCo,17.93,3.3,114,952,50,0,1.46
P0849,SoundWave_Saude #849,Saude,SoundWave,21.2,3.0,488,783,0,0,0.38
P0850,WellBeing_Material_Escritorio #850,Material_Escritorio,WellBeing,24.93,2.9,65,295,5,0,0.96
P0851,HomeEssentials_Pet_Shop #851,Pet_Shop,HomeEssentials,25.07,3.6,20,358,0,0,1.89
P0852,WorkSmart_Roupas #852,Roupas,WorkSmart,29.25,3.4,254,240,0,0,1.01
P0853,UrbanStyle_Roupas #853,Roupas,UrbanStyle,55.96,3.0,24,756,0,0,0.26
P0854,ShineOn_Beleza #854,Beleza,ShineOn,43.32,4.4,408,845,50,0,0.68
P0855,PlayTime_Musica #855,Musica,PlayTime,12.33,3.5,410,89,0,0,1.39
P0856,HomeEssentials_Casa_Jardim #856,Casa_Jardim,HomeEssentials,43.46,4.1,67,141,5,1,0.81
P0857,ClassicCo_Beleza #857,Beleza,ClassicCo,13.24,2.8,202,455,0,0,6.41
P0858,NovaTech_Saude #858,Saude,NovaTech,33.3,4.6,467,923,10,0,2.08
P0859,TechPro_Automotivo #859,Automotivo,TechPro,78.2,4.7,351,48,0,0,2.0
P0860,ReadMore_Alimentos #860,Alimentos,ReadMore,7.06,4.7,61,255,50,0,1.17
P0861,HomeEssentials_Joias #861,Joias,HomeEssentials,69.34,3.9,296,881,10,0,0.63
P0862,NovaTech_Joias #862,Joias,NovaTech,87.72,3.8,270,473,5,0,5.37
P0863,EcoLiving_Alimentos #863,Alimentos,EcoLiving,19.0,4.3,343,349,40,0,0.68
P0864,WellBeing_Brinquedos #864,Brinquedos,WellBeing,20.63,4.8,443,824,30,0,1.06
P0865,ShineOn_Musica #865,Musica,ShineOn,11.46,3.8,262,169,0,0,0.91
P0866,FreshMarket_Automotivo #866,Automotivo,FreshMarket,167.78,2.7,474,173,0,1,0.25
P0867,HomeEssentials_Pet_Shop #867,Pet_Shop,HomeEssentials,35.36,3.4,351,145,0,1,1.54
P0868,ClassicCo_Pet_Shop #868,Pet_Shop,ClassicCo,13.05,4.9,27,834,0,1,2.63
P0869,NovaTech_Beleza #869,Beleza,NovaTech,42.86,4.4,284,107,0,0,0.56
P0870,FitGear_Material_Escritorio #870,Material_Escritorio,FitGear,15.38,4.0,200,646,0,0,0.74
P0871,SoundWave_Brinquedos #871,Brinquedos,SoundWave,41.74,3.5,201,108,0,0,0.44
P0872,NovaTech_Automotivo #872,Automotivo,NovaTech,64.99,5.0,349,702,10,0,5.97
P0873,WellBeing_Automotivo #873,Automotivo,WellBeing,32.59,3.0,348,473,0,0,1.53
P0874,TechPro_Material_Escritorio #874,Material_Escritorio,TechPro,15.04,3.8,202,265,20,0,3.71
P0875,DigiTools_Musica #875,Musica,DigiTools,11.6,4.2,60,172,0,0,0.66
P0876,WorkSmart_Pet_Shop #876,Pet_Shop,WorkSmart,17.92,4.1,47,677,0,0,1.73
P0877,ShineOn_Software #877,Software,ShineOn,15.87,3.2,133,762,5,0,0.21
P0878,DigiTools_Esportes #878,Esportes,DigiTools,47.11,4.5,373,580,20,0,0.55
P0879,TechPro_Casa_Jardim #879,Casa_Jardim,TechPro,21.68,4.3,93,509,0,0,7.6
P0880,UrbanStyle_Pet_Shop #880,Pet_Shop,UrbanStyle,23.46,3.9,429,500,30,0,1.5
P0881,ClassicCo_Automotivo #881,Automotivo,ClassicCo,23.94,4.1,420,871,50,0,0.72
P0882,FitGear_Beleza #882,Beleza,FitGear,17.34,3.4,257,378,0,0,0.16
P0883,UrbanStyle_Musica #883,Musica,UrbanStyle,23.68,5.0,311,824,15,0,1.2
P0884,ShineOn_Musica #884,Musica,ShineOn,25.52,4.9,365,113,0,0,0.66
P0885,PetLife_Esportes #885,Esportes,PetLife,33.59,3.3,0,737,0,0,2.33
P0886,ShineOn_Musica #886,Musica,ShineOn,23.65,3.7,237,954,0,0,0.23
P0887,WellBeing_Alimentos #887,Alimentos,WellBeing,4.81,4.7,412,171,0,0,2.43
P0888,PureBrand_Roupas #888,Roupas,PureBrand,73.3,4.5,471,202,0,0,0.64
P0889,UrbanStyle_Saude #889,Saude,UrbanStyle,63.06,4.1,137,461,50,0,0.35
P0890,WellBeing_Saude #890,Saude,WellBeing,31.49,3.0,247,612,0,0,1.2
P0891,HomeEssentials_Alimentos #891,Alimentos,HomeEssentials,9.62,3.1,5,917,50,0,6.15
P0892,UrbanStyle_Alimentos #892,Alimentos,UrbanStyle,3.71,3.9,68,489,0,0,2.06
P0893,NovaTech_Casa_Jardim #893,Casa_Jardim,NovaTech,58.2,5.0,40,764,0,0,1.36
P0894,EcoLiving_Beleza #894,Beleza,EcoLiving,41.71,4.8,172,378,5,0,0.58
P0895,NovaTech_Casa_Jardim #895,Casa_Jardim,NovaTech,71.91,4.5,277,544,5,0,4.12
P0896,ShineOn_Roupas #896,Roupas,ShineOn,48.5,4.4,159,223,0,0,1.42
P0897,WorkSmart_Material_Escritorio #897,Material_Escritorio,WorkSmart,9.77,2.0,91,548,0,0,0.14
P0898,AutoParts_Roupas #898,Roupas,AutoParts,48.01,4.1,435,895,0,0,2.14
P0899,PetLife_Software #899,Software,PetLife,32.48,4.1,314,345,15,0,1.27
P0900,TechPro_Casa_Jardim #900,Casa_Jardim,TechPro,122.02,2.9,395,866,30,0,0.88
P0901,SoundWave_Roupas #901,Roupas,SoundWave,60.8,5.0,427,846,40,0,3.45
P0902,StyleMax_Pet_Shop #902,Pet_Shop,StyleMax,28.56,4.2,434,611,0,0,0.48
P0903,EcoLiving_Alimentos #903,Alimentos,EcoLiving,12.24,4.3,204,900,0,0,0.59
P0904,EcoLiving_Musica #904,Musica,EcoLiving,11.2,3.2,350,840,5,1,0.83
P0905,UrbanStyle_Roupas #905,Roupas,UrbanStyle,29.91,4.0,435,683,0,0,1.5
P0906,PlayTime_Eletronicos #906,Eletronicos,PlayTime,520.45,4.2,381,924,0,0,0.54
P0907,DigiTools_Pet_Shop #907,Pet_Shop,DigiTools,15.98,5.0,106,999,25,1,0.37
P0908,GlowUp_Brinquedos #908,Brinquedos,GlowUp,25.21,4.6,460,318,0,1,0.81
P0909,UrbanStyle_Joias #909,Joias,UrbanStyle,94.59,4.2,320,782,0,0,0.6
P0910,FreshMarket_Material_Escritorio #910,Material_Escritorio,FreshMarket,20.01,2.6,70,469,0,0,5.15
P0911,GlowUp_Saude #911,Saude,GlowUp,38.26,2.8,446,822,0,0,0.13
P0912,StyleMax_Alimentos #912,Alimentos,StyleMax,30.55,1.8,397,146,0,0,2.39
P0913,AutoParts_Automotivo #913,Automotivo,AutoParts,85.92,3.8,274,503,25,0,0.13
P0914,HomeEssentials_Pet_Shop #914,Pet_Shop,HomeEssentials,32.04,4.2,177,574,0,0,0.91
P0915,ClassicCo_Joias #915,Joias,ClassicCo,77.27,4.1,390,470,0,0,0.33
P0916,ShineOn_Eletronicos #916,Eletronicos,ShineOn,181.4,4.5,292,941,25,0,0.21
P0917,SoundWave_Saude #917,Saude,SoundWave,44.21,5.0,302,366,5,0,3.68
P0918,PureBrand_Automotivo #918,Automotivo,PureBrand,161.4,3.3,29,600,10,0,2.03
P0919,EcoLiving_Automotivo #919,Automotivo,EcoLiving,152.37,3.3,80,489,50,1,1.04
P0920,GlowUp_Automotivo #920,Automotivo,GlowUp,16.47,3.9,163,511,0,0,1.11
P0921,AutoParts_Saude #921,Saude,AutoParts,15.12,2.6,459,598,0,1,0.46
P0922,StyleMax_Software #922,Software,StyleMax,141.17,4.0,345,565,0,0,0.62
P0923,WellBeing_Roupas #923,Roupas,WellBeing,34.48,3.5,102,541,0,0,0.49
P0924,ShineOn_Material_Escritorio #924,Material_Escritorio,ShineOn,16.51,2.8,440,925,0,0,0.58
P0925,HomeEssentials_Beleza #925,Beleza,HomeEssentials,22.43,2.8,392,203,0,0,0.79
P0926,EcoLiving_Pet_Shop #926,Pet_Shop,EcoLiving,13.01,3.4,39,138,0,0,3.7
P0927,SoundWave_Automotivo #927,Automotivo,SoundWave,54.34,3.5,46,439,50,0,1.77
P0928,FreshMarket_Material_Escritorio #928,Material_Escritorio,FreshMarket,15.24,3.5,187,844,0,1,1.34
P0929,PetLife_Pet_Shop #929,Pet_Shop,PetLife,19.45,4.9,244,497,0,0,0.36
P0930,GlowUp_Beleza #930,Beleza,GlowUp,18.39,4.7,382,360,25,0,1.53
P0931,PureBrand_Livros #931,Livros,PureBrand,23.72,4.1,291,540,0,0,0.08
P0932,PetLife_Brinquedos #932,Brinquedos,PetLife,23.87,4.4,170,958,0,0,0.49
P0933,WellBeing_Esportes #933,Esportes,WellBeing,53.83,3.2,337,55,0,0,0.28
P0934,FreshMarket_Pet_Shop #934,Pet_Shop,FreshMarket,26.16,4.3,332,621,0,0,0.67
P0935,AutoParts_Brinquedos #935,Brinquedos,AutoParts,19.24,3.0,350,729,25,0,0.73
P0936,PetLife_Saude #936,Saude,PetLife,24.58,4.3,305,371,0,0,0.63
P0937,WellBeing_Musica #937,Musica,WellBeing,8.58,5.0,27,968,0,0,0.96
P0938,DigiTools_Eletronicos #938,Eletronicos,DigiTools,287.13,4.8,463,560,0,0,1.14
P0939,ClassicCo_Beleza #939,Beleza,ClassicCo,27.86,4.5,161,188,20,1,3.73
P0940,AutoParts_Roupas #940,Roupas,AutoParts,83.07,3.2,406,428,15,0,0.43
P0941,PetLife_Casa_Jardim #941,Casa_Jardim,PetLife,72.45,4.0,334,867,5,0,0.42
P0942,PureBrand_Pet_Shop #942,Pet_Shop,PureBrand,55.09,4.3,312,875,0,0,0.88
P0943,AutoParts_Musica #943,Musica,AutoParts,14.86,4.7,187,204,0,1,1.32
P0944,AutoParts_Joias #944,Joias,AutoParts,55.34,3.5,387,354,0,1,1.01
P0945,GlowUp_Beleza #945,Beleza,GlowUp,76.04,4.0,223,52,40,0,6.07
P0946,ShineOn_Beleza #946,Beleza,ShineOn,53.4,5.0,127,109,30,0,2.28
P0947,PureBrand_Joias #947,Joias,PureBrand,35.48,3.9,49,744,0,0,3.86
P0948,SoundWave_Pet_Shop #948,Pet_Shop,SoundWave,31.44,2.0,50,534,0,1,1.54
P0949,SoundWave_Roupas #949,Roupas,SoundWave,64.07,3.1,300,860,50,0,1.06
P0950,PureBrand_Roupas #950,Roupas,PureBrand,40.24,3.3,216,14,40,0,0.08
P0951,HomeEssentials_Software #951,Software,HomeEssentials,26.3,3.0,163,844,25,0,1.02
P0952,PlayTime_Saude #952,Saude,PlayTime,31.89,4.1,250,630,0,0,0.7
P0953,HomeEssentials_Software #953,Software,HomeEssentials,55.08,5.0,56,88,15,0,0.72
P0954,NovaTech_Joias #954,Joias,NovaTech,63.34,5.0,443,663,40,0,2.6
P0955,PetLife_Esportes #955,Esportes,PetLife,71.68,5.0,252,6,50,0,0.26
P0956,DigiTools_Saude #956,Saude,DigiTools,15.67,3.4,460,948,25,0,2.87
P0957,SoundWave_Eletronicos #957,Eletronicos,SoundWave,218.44,3.9,201,887,0,0,1.81
P0958,UrbanStyle_Brinquedos #958,Brinquedos,UrbanStyle,65.96,4.0,148,328,0,0,1.2
P0959,PlayTime_Brinquedos #959,Brinquedos,PlayTime,33.72,5.0,315,257,15,0,2.17
P0960,GlowUp_Eletronicos #960,Eletronicos,GlowUp,412.09,4.4,17,47,30,0,0.16
P0961,TechPro_Livros #961,Livros,TechPro,14.01,3.8,114,215,0,0,1.4
P0962,PureBrand_Brinquedos #962,Brinquedos,PureBrand,27.74,3.1,253,568,0,0,0.22
P0963,ShineOn_Pet_Shop #963,Pet_Shop,ShineOn,20.14,4.8,75,845,0,0,1.35
P0964,PetLife_Saude #964,Saude,PetLife,28.67,2.9,494,171,40,0,0.28
P0965,HomeEssentials_Eletronicos #965,Eletronicos,HomeEssentials,257.79,4.3,171,292,0,1,0.43
P0966,ShineOn_Eletronicos #966,Eletronicos,ShineOn,125.14,4.0,361,260,25,0,0.6
P0967,WellBeing_Roupas #967,Roupas,WellBeing,68.26,3.8,459,492,0,0,0.71
P0968,PureBrand_Beleza #968,Beleza,PureBrand,38.29,5.0,32,20,30,0,1.14
P0969,NovaTech_Automotivo #969,Automotivo,NovaTech,43.57,4.3,106,925,0,0,1.91
P0970,TechPro_Beleza #970,Beleza,TechPro,48.71,4.7,36,180,0,0,10.35
P0971,AutoParts_Joias #971,Joias,AutoParts,258.08,3.1,147,693,0,0,0.48
P0972,SoundWave_Saude #972,Saude,SoundWave,54.58,4.9,287,501,0,0,1.06
P0973,ReadMore_Eletronicos #973,Eletronicos,ReadMore,75.87,5.0,392,435,0,1,0.85
P0974,ClassicCo_Casa_Jardim #974,Casa_Jardim,ClassicCo,196.8,4.3,211,240,30,0,0.32
P0975,WellBeing_Livros #975,Livros,WellBeing,4.96,3.5,379,502,30,0,0.13
P0976,PureBrand_Joias #976,Joias,PureBrand,38.14,3.2,413,500,0,0,0.36
P0977,StyleMax_Automotivo #977,Automotivo,StyleMax,33.24,3.9,197,328,10,0,0.53
P0978,FreshMarket_Saude #978,Saude,FreshMarket,30.48,3.7,168,458,40,1,0.63
P0979,UrbanStyle_Esportes #979,Esportes,UrbanStyle,18.91,3.4,405,857,0,0,0.22
P0980,FreshMarket_Livros #980,Livros,FreshMarket,4.88,4.2,119,548,0,1,0.68
P0981,WellBeing_Automotivo #981,Automotivo,WellBeing,56.41,4.2,373,553,20,0,0.77
P0982,HomeEssentials_Eletronicos #982,Eletronicos,HomeEssentials,138.53,3.7,328,450,0,0,0.38
P0983,FreshMarket_Automotivo #983,Automotivo,FreshMarket,68.48,3.8,142,819,50,0,1.97
P0984,HomeEssentials_Joias #984,Joias,HomeEssentials,113.47,2.7,98,531,0,0,0.17
P0985,WellBeing_Alimentos #985,Alimentos,WellBeing,24.84,3.7,310,997,0,0,1.22
P0986,UrbanStyle_Alimentos #986,Alimentos,UrbanStyle,11.73,2.8,343,212,0,1,0.74
P0987,ReadMore_Pet_Shop #987,Pet_Shop,ReadMore,31.03,3.5,130,471,0,0,1.01
P0988,TechPro_Material_Escritorio #988,Material_Escritorio,TechPro,17.14,4.1,320,987,0,0,1.4
P0989,PlayTime_Roupas #989,Roupas,PlayTime,79.91,2.6,260,21,0,0,1.24
P0990,ClassicCo_Pet_Shop #990,Pet_Shop,ClassicCo,53.0,3.8,3,877,0,0,0.13
P0991,PlayTime_Roupas #991,Roupas,PlayTime,33.23,4.1,221,889,0,0,0.72
P0992,PlayTime_Musica #992,Musica,PlayTime,9.12,2.6,126,423,40,0,1.48
P0993,ShineOn_Roupas #993,Roupas,ShineOn,33.25,3.3,238,240,0,0,1.53
P0994,UrbanStyle_Saude #994,Saude,UrbanStyle,27.48,2.8,61,907,25,0,0.42
P0995,PetLife_Software #995,Software,PetLife,44.4,4.5,477,256,25,0,0.31
P0996,GlowUp_Musica #996,Musica,GlowUp,17.9,3.3,38,663,30,0,1.64
P0997,HomeEssentials_Esportes #997,Esportes,HomeEssentials,44.45,3.3,396,337,15,0,1.51
P0998,PetLife_Casa_Jardim #998,Casa_Jardim,PetLife,31.61,4.5,118,4,0,0,0.32
P0999,ClassicCo_Beleza #999,Beleza,ClassicCo,26.26,3.6,309,968,0,1,0.26
